CREATE TABLE "mxmodelreflection$mxobjectreference" (
	"id" int8 NOT NULL,
	"changeddate" timestamp NULL,
	"createddate" timestamp NULL,
	"associationowner" varchar(8) NULL,
	"parententity" varchar(200) NULL,
	"completename" varchar(200) NULL,
	"module" varchar(200) NULL,
	"referencetype" varchar(12) NULL,
	"name" varchar(200) NULL,
	"readablename" varchar(200) NULL,
	"system$changedby" int8 NULL,
	"system$owner" int8 NULL,
	PRIMARY KEY("id"));
CREATE INDEX "idx_mxmodelreflection$mxobjectreference_system$changedby" ON "mxmodelreflection$mxobjectreference"
	("system$changedby","id");
CREATE INDEX "idx_mxmodelreflection$mxobjectreference_system$owner" ON "mxmodelreflection$mxobjectreference"
	("system$owner","id");
INSERT INTO "mendixsystem$entity" ("id", 
"entity_name", 
"table_name")
 VALUES ('7080ebd6-344c-479c-9731-09a3facf9f1a', 
'MxModelReflection.MxObjectReference', 
'mxmodelreflection$mxobjectreference');
INSERT INTO "mendixsystem$attribute" ("id", 
"entity_id", 
"attribute_name", 
"column_name", 
"type", 
"length", 
"default_value", 
"is_auto_number")
 VALUES ('d6a6f999-2f72-36c1-bc2d-9c1b761e17e5', 
'7080ebd6-344c-479c-9731-09a3facf9f1a', 
'changedDate', 
'changeddate', 
20, 
0, 
'', 
FALSE);
INSERT INTO "mendixsystem$attribute" ("id", 
"entity_id", 
"attribute_name", 
"column_name", 
"type", 
"length", 
"default_value", 
"is_auto_number")
 VALUES ('7db1015f-5ae2-33cd-8499-4e0bd8482c55', 
'7080ebd6-344c-479c-9731-09a3facf9f1a', 
'createdDate', 
'createddate', 
20, 
0, 
'', 
FALSE);
INSERT INTO "mendixsystem$attribute" ("id", 
"entity_id", 
"attribute_name", 
"column_name", 
"type", 
"length", 
"default_value", 
"is_auto_number")
 VALUES ('4696215c-b8d5-4a77-b1f4-f2ef4ccf1f7b', 
'7080ebd6-344c-479c-9731-09a3facf9f1a', 
'AssociationOwner', 
'associationowner', 
40, 
8, 
'_Default', 
FALSE);
INSERT INTO "mendixsystem$attribute" ("id", 
"entity_id", 
"attribute_name", 
"column_name", 
"type", 
"length", 
"default_value", 
"is_auto_number")
 VALUES ('e47b4237-10db-478b-bb58-916b819ec90a', 
'7080ebd6-344c-479c-9731-09a3facf9f1a', 
'ParentEntity', 
'parententity', 
30, 
200, 
'', 
FALSE);
INSERT INTO "mendixsystem$attribute" ("id", 
"entity_id", 
"attribute_name", 
"column_name", 
"type", 
"length", 
"default_value", 
"is_auto_number")
 VALUES ('beed0ddf-d89a-4d70-86e3-d444e41b34f9', 
'7080ebd6-344c-479c-9731-09a3facf9f1a', 
'CompleteName', 
'completename', 
30, 
200, 
'', 
FALSE);
INSERT INTO "mendixsystem$attribute" ("id", 
"entity_id", 
"attribute_name", 
"column_name", 
"type", 
"length", 
"default_value", 
"is_auto_number")
 VALUES ('bb78056c-7368-4b47-95a5-a4bb976a5c8a', 
'7080ebd6-344c-479c-9731-09a3facf9f1a', 
'Module', 
'module', 
30, 
200, 
'', 
FALSE);
INSERT INTO "mendixsystem$attribute" ("id", 
"entity_id", 
"attribute_name", 
"column_name", 
"type", 
"length", 
"default_value", 
"is_auto_number")
 VALUES ('9d6318b1-a6b7-4bc6-9582-abeef82af3cc', 
'7080ebd6-344c-479c-9731-09a3facf9f1a', 
'ReferenceType', 
'referencetype', 
40, 
12, 
'', 
FALSE);
INSERT INTO "mendixsystem$attribute" ("id", 
"entity_id", 
"attribute_name", 
"column_name", 
"type", 
"length", 
"default_value", 
"is_auto_number")
 VALUES ('41f55584-b82a-431a-950e-62c373fda6c6', 
'7080ebd6-344c-479c-9731-09a3facf9f1a', 
'Name', 
'name', 
30, 
200, 
'', 
FALSE);
INSERT INTO "mendixsystem$attribute" ("id", 
"entity_id", 
"attribute_name", 
"column_name", 
"type", 
"length", 
"default_value", 
"is_auto_number")
 VALUES ('d15b5df4-c603-4751-bd49-92425a767f4e', 
'7080ebd6-344c-479c-9731-09a3facf9f1a', 
'ReadableName', 
'readablename', 
30, 
200, 
'', 
FALSE);
INSERT INTO "mendixsystem$index" ("id", 
"table_id", 
"index_name")
 VALUES ('f659fd8c-5919-30a4-a550-acc04e7aada0', 
'7080ebd6-344c-479c-9731-09a3facf9f1a', 
'idx_mxmodelreflection$mxobjectreference_system$changedby');
INSERT INTO "mendixsystem$index_column" ("index_id", 
"column_id", 
"sort_order", 
"ordinal")
 VALUES ('f659fd8c-5919-30a4-a550-acc04e7aada0', 
'd2a88f46-61c9-3d90-a548-b3c64099d2ab', 
FALSE, 
0);
INSERT INTO "mendixsystem$index" ("id", 
"table_id", 
"index_name")
 VALUES ('72a2f9aa-a375-3994-a485-15fc4ce822c3', 
'7080ebd6-344c-479c-9731-09a3facf9f1a', 
'idx_mxmodelreflection$mxobjectreference_system$owner');
INSERT INTO "mendixsystem$index_column" ("index_id", 
"column_id", 
"sort_order", 
"ordinal")
 VALUES ('72a2f9aa-a375-3994-a485-15fc4ce822c3', 
'ef59fb15-0945-3b57-9781-ba8ce76f499d', 
FALSE, 
0);
INSERT INTO "mendixsystem$association" ("id", 
"association_name", 
"table_name", 
"parent_entity_id", 
"child_entity_id", 
"parent_column_name", 
"child_column_name")
 VALUES ('d2a88f46-61c9-3d90-a548-b3c64099d2ab', 
'System.changedBy', 
'system$changedby', 
'7080ebd6-344c-479c-9731-09a3facf9f1a', 
'282e2e60-88a5-469d-84a5-ba8d9151644f', 
'id', 
'system$changedby');
INSERT INTO "mendixsystem$association" ("id", 
"association_name", 
"table_name", 
"parent_entity_id", 
"child_entity_id", 
"parent_column_name", 
"child_column_name")
 VALUES ('ef59fb15-0945-3b57-9781-ba8ce76f499d', 
'System.owner', 
'system$owner', 
'7080ebd6-344c-479c-9731-09a3facf9f1a', 
'282e2e60-88a5-469d-84a5-ba8d9151644f', 
'id', 
'system$owner');
CREATE TABLE "mxmodelreflection$mxobjectreference_module" (
	"mxmodelreflection$mxobjectreferenceid" int8 NOT NULL,
	"mxmodelreflection$moduleid" int8 NOT NULL,
	PRIMARY KEY("mxmodelreflection$mxobjectreferenceid","mxmodelreflection$moduleid"));
CREATE INDEX "idx_mxmodelreflection$mxobjectreference_module" ON "mxmodelreflection$mxobjectreference_module"
	("mxmodelreflection$moduleid","mxmodelreflection$mxobjectreferenceid");
INSERT INTO "mendixsystem$association" ("id", 
"association_name", 
"table_name", 
"parent_entity_id", 
"child_entity_id", 
"parent_column_name", 
"child_column_name", 
"index_name")
 VALUES ('5b9a8f8c-4ebf-459e-9636-8a080f25f64b', 
'MxModelReflection.MxObjectReference_Module', 
'mxmodelreflection$mxobjectreference_module', 
'7080ebd6-344c-479c-9731-09a3facf9f1a', 
'a0818ee4-e99e-43b8-ab2e-97f21f6a6119', 
'mxmodelreflection$mxobjectreferenceid', 
'mxmodelreflection$moduleid', 
'idx_mxmodelreflection$mxobjectreference_module');
CREATE TABLE "mxmodelreflection$mxobjectreference_mxobjecttype_parent" (
	"mxmodelreflection$mxobjectreferenceid" int8 NOT NULL,
	"mxmodelreflection$mxobjecttypeid" int8 NOT NULL,
	PRIMARY KEY("mxmodelreflection$mxobjectreferenceid","mxmodelreflection$mxobjecttypeid"));
CREATE INDEX "idx_mxmodelreflection$mxobjectreference_mxobjecttype_parent" ON "mxmodelreflection$mxobjectreference_mxobjecttype_parent"
	("mxmodelreflection$mxobjecttypeid","mxmodelreflection$mxobjectreferenceid");
INSERT INTO "mendixsystem$association" ("id", 
"association_name", 
"table_name", 
"parent_entity_id", 
"child_entity_id", 
"parent_column_name", 
"child_column_name", 
"index_name")
 VALUES ('75f341c7-e40f-4cbf-b09c-453bfcebc3dd', 
'MxModelReflection.MxObjectReference_MxObjectType_Parent', 
'mxmodelreflection$mxobjectreference_mxobjecttype_parent', 
'7080ebd6-344c-479c-9731-09a3facf9f1a', 
'c4616082-6912-4943-9a50-b46af1ebaa6a', 
'mxmodelreflection$mxobjectreferenceid', 
'mxmodelreflection$mxobjecttypeid', 
'idx_mxmodelreflection$mxobjectreference_mxobjecttype_parent');
CREATE TABLE "mxmodelreflection$mxobjectreference_mxobjecttype" (
	"mxmodelreflection$mxobjectreferenceid" int8 NOT NULL,
	"mxmodelreflection$mxobjecttypeid" int8 NOT NULL,
	PRIMARY KEY("mxmodelreflection$mxobjectreferenceid","mxmodelreflection$mxobjecttypeid"));
CREATE INDEX "idx_mxmodelreflection$mxobjectreference_mxobjecttype" ON "mxmodelreflection$mxobjectreference_mxobjecttype"
	("mxmodelreflection$mxobjecttypeid","mxmodelreflection$mxobjectreferenceid");
INSERT INTO "mendixsystem$association" ("id", 
"association_name", 
"table_name", 
"parent_entity_id", 
"child_entity_id", 
"parent_column_name", 
"child_column_name", 
"index_name")
 VALUES ('f5af6b68-392c-4423-946f-0de6dc40861f', 
'MxModelReflection.MxObjectReference_MxObjectType', 
'mxmodelreflection$mxobjectreference_mxobjecttype', 
'7080ebd6-344c-479c-9731-09a3facf9f1a', 
'c4616082-6912-4943-9a50-b46af1ebaa6a', 
'mxmodelreflection$mxobjectreferenceid', 
'mxmodelreflection$mxobjecttypeid', 
'idx_mxmodelreflection$mxobjectreference_mxobjecttype');
CREATE TABLE "mxmodelreflection$mxobjectreference_mxobjecttype_child" (
	"mxmodelreflection$mxobjectreferenceid" int8 NOT NULL,
	"mxmodelreflection$mxobjecttypeid" int8 NOT NULL,
	PRIMARY KEY("mxmodelreflection$mxobjectreferenceid","mxmodelreflection$mxobjecttypeid"));
CREATE INDEX "idx_mxmodelreflection$mxobjectreference_mxobjecttype_child" ON "mxmodelreflection$mxobjectreference_mxobjecttype_child"
	("mxmodelreflection$mxobjecttypeid","mxmodelreflection$mxobjectreferenceid");
INSERT INTO "mendixsystem$association" ("id", 
"association_name", 
"table_name", 
"parent_entity_id", 
"child_entity_id", 
"parent_column_name", 
"child_column_name", 
"index_name")
 VALUES ('035b10ac-5c89-4ddb-ae5c-4a935bfff84a', 
'MxModelReflection.MxObjectReference_MxObjectType_Child', 
'mxmodelreflection$mxobjectreference_mxobjecttype_child', 
'7080ebd6-344c-479c-9731-09a3facf9f1a', 
'c4616082-6912-4943-9a50-b46af1ebaa6a', 
'mxmodelreflection$mxobjectreferenceid', 
'mxmodelreflection$mxobjecttypeid', 
'idx_mxmodelreflection$mxobjectreference_mxobjecttype_child');
CREATE TABLE "excelimporter$column" (
	"id" int8 NOT NULL,
	"mappingtype" varchar(9) NULL,
	"status" varchar(7) NULL,
	"findreference" varchar(200) NULL,
	"colnumber" int4 NULL,
	"findobjecttype" varchar(200) NULL,
	"text" varchar NULL,
	"findmicroflow" varchar(200) NULL,
	"attributetypeenum" varchar(11) NULL,
	"iskey" varchar(3) NULL,
	"isreferencekey" varchar(26) NULL,
	"datasource" varchar(23) NULL,
	"changeddate" timestamp NULL,
	"details" varchar(1000) NULL,
	"createddate" timestamp NULL,
	"casesensitive" varchar(3) NULL,
	"inputmask" varchar(20) NULL,
	"findattribute" varchar(200) NULL,
	"system$owner" int8 NULL,
	"system$changedby" int8 NULL,
	PRIMARY KEY("id"));
CREATE INDEX "idx_excelimporter$column_system$owner" ON "excelimporter$column"
	("system$owner","id");
CREATE INDEX "idx_excelimporter$column_system$changedby" ON "excelimporter$column"
	("system$changedby","id");
INSERT INTO "mendixsystem$entity" ("id", 
"entity_name", 
"table_name")
 VALUES ('bc2f89d3-7948-43ce-838a-9e7cd746bdb3', 
'ExcelImporter.Column', 
'excelimporter$column');
INSERT INTO "mendixsystem$attribute" ("id", 
"entity_id", 
"attribute_name", 
"column_name", 
"type", 
"length", 
"default_value", 
"is_auto_number")
 VALUES ('d76ea315-1456-4646-b797-d166f4a6750c', 
'bc2f89d3-7948-43ce-838a-9e7cd746bdb3', 
'MappingType', 
'mappingtype', 
40, 
9, 
'DoNotUse', 
FALSE);
INSERT INTO "mendixsystem$attribute" ("id", 
"entity_id", 
"attribute_name", 
"column_name", 
"type", 
"length", 
"default_value", 
"is_auto_number")
 VALUES ('0bfc531b-7c69-4e3d-b394-d0615da902e1', 
'bc2f89d3-7948-43ce-838a-9e7cd746bdb3', 
'Status', 
'status', 
40, 
7, 
'INFO', 
FALSE);
INSERT INTO "mendixsystem$attribute" ("id", 
"entity_id", 
"attribute_name", 
"column_name", 
"type", 
"length", 
"default_value", 
"is_auto_number")
 VALUES ('94c55751-038d-43a7-9a1d-a0d6b1aed9e7', 
'bc2f89d3-7948-43ce-838a-9e7cd746bdb3', 
'FindReference', 
'findreference', 
30, 
200, 
'', 
FALSE);
INSERT INTO "mendixsystem$attribute" ("id", 
"entity_id", 
"attribute_name", 
"column_name", 
"type", 
"length", 
"default_value", 
"is_auto_number")
 VALUES ('c268d814-f43b-4e3a-b8c4-3c4841337b15', 
'bc2f89d3-7948-43ce-838a-9e7cd746bdb3', 
'ColNumber', 
'colnumber', 
3, 
0, 
'', 
FALSE);
INSERT INTO "mendixsystem$attribute" ("id", 
"entity_id", 
"attribute_name", 
"column_name", 
"type", 
"length", 
"default_value", 
"is_auto_number")
 VALUES ('ca3cee38-1e01-4b1e-8323-66f777aed297', 
'bc2f89d3-7948-43ce-838a-9e7cd746bdb3', 
'FindObjectType', 
'findobjecttype', 
30, 
200, 
'', 
FALSE);
INSERT INTO "mendixsystem$attribute" ("id", 
"entity_id", 
"attribute_name", 
"column_name", 
"type", 
"length", 
"default_value", 
"is_auto_number")
 VALUES ('2cad4222-aa2a-4ac3-a030-19f2d155177d', 
'bc2f89d3-7948-43ce-838a-9e7cd746bdb3', 
'Text', 
'text', 
30, 
0, 
'', 
FALSE);
INSERT INTO "mendixsystem$attribute" ("id", 
"entity_id", 
"attribute_name", 
"column_name", 
"type", 
"length", 
"default_value", 
"is_auto_number")
 VALUES ('be634705-eec3-43a5-b512-1bf3e0e25b6e', 
'bc2f89d3-7948-43ce-838a-9e7cd746bdb3', 
'FindMicroflow', 
'findmicroflow', 
30, 
200, 
'', 
FALSE);
INSERT INTO "mendixsystem$attribute" ("id", 
"entity_id", 
"attribute_name", 
"column_name", 
"type", 
"length", 
"default_value", 
"is_auto_number")
 VALUES ('0d354d52-2d71-4651-9649-d400f23a93ac', 
'bc2f89d3-7948-43ce-838a-9e7cd746bdb3', 
'AttributeTypeEnum', 
'attributetypeenum', 
40, 
11, 
'', 
FALSE);
INSERT INTO "mendixsystem$attribute" ("id", 
"entity_id", 
"attribute_name", 
"column_name", 
"type", 
"length", 
"default_value", 
"is_auto_number")
 VALUES ('21ddac67-3222-450b-bb45-04fddbaa8a9b', 
'bc2f89d3-7948-43ce-838a-9e7cd746bdb3', 
'IsKey', 
'iskey', 
40, 
3, 
'No', 
FALSE);
INSERT INTO "mendixsystem$attribute" ("id", 
"entity_id", 
"attribute_name", 
"column_name", 
"type", 
"length", 
"default_value", 
"is_auto_number")
 VALUES ('db5594af-a30e-419c-8ac4-782958fb8759', 
'bc2f89d3-7948-43ce-838a-9e7cd746bdb3', 
'IsReferenceKey', 
'isreferencekey', 
40, 
26, 
'NoKey', 
FALSE);
INSERT INTO "mendixsystem$attribute" ("id", 
"entity_id", 
"attribute_name", 
"column_name", 
"type", 
"length", 
"default_value", 
"is_auto_number")
 VALUES ('8a6ff7c1-5cec-411e-b3ec-5cf06f8d84d7', 
'bc2f89d3-7948-43ce-838a-9e7cd746bdb3', 
'DataSource', 
'datasource', 
40, 
23, 
'CellValue', 
FALSE);
INSERT INTO "mendixsystem$attribute" ("id", 
"entity_id", 
"attribute_name", 
"column_name", 
"type", 
"length", 
"default_value", 
"is_auto_number")
 VALUES ('6baa7f8d-d6f3-3cd7-897d-f80319065e36', 
'bc2f89d3-7948-43ce-838a-9e7cd746bdb3', 
'changedDate', 
'changeddate', 
20, 
0, 
'', 
FALSE);
INSERT INTO "mendixsystem$attribute" ("id", 
"entity_id", 
"attribute_name", 
"column_name", 
"type", 
"length", 
"default_value", 
"is_auto_number")
 VALUES ('ee0c71f7-e19f-4bc2-aed5-693ef37e7443', 
'bc2f89d3-7948-43ce-838a-9e7cd746bdb3', 
'Details', 
'details', 
30, 
1000, 
'', 
FALSE);
INSERT INTO "mendixsystem$attribute" ("id", 
"entity_id", 
"attribute_name", 
"column_name", 
"type", 
"length", 
"default_value", 
"is_auto_number")
 VALUES ('cd4b8579-8779-3bde-8089-6864945c42a2', 
'bc2f89d3-7948-43ce-838a-9e7cd746bdb3', 
'createdDate', 
'createddate', 
20, 
0, 
'', 
FALSE);
INSERT INTO "mendixsystem$attribute" ("id", 
"entity_id", 
"attribute_name", 
"column_name", 
"type", 
"length", 
"default_value", 
"is_auto_number")
 VALUES ('1e271a99-bf52-48fd-aec8-a5a72b6b5638', 
'bc2f89d3-7948-43ce-838a-9e7cd746bdb3', 
'CaseSensitive', 
'casesensitive', 
40, 
3, 
'No', 
FALSE);
INSERT INTO "mendixsystem$attribute" ("id", 
"entity_id", 
"attribute_name", 
"column_name", 
"type", 
"length", 
"default_value", 
"is_auto_number")
 VALUES ('b06d50f9-67b8-4a9f-ba80-4a0df9050e67', 
'bc2f89d3-7948-43ce-838a-9e7cd746bdb3', 
'InputMask', 
'inputmask', 
30, 
20, 
'', 
FALSE);
INSERT INTO "mendixsystem$attribute" ("id", 
"entity_id", 
"attribute_name", 
"column_name", 
"type", 
"length", 
"default_value", 
"is_auto_number")
 VALUES ('a8da8803-1739-4877-9405-3127830ef468', 
'bc2f89d3-7948-43ce-838a-9e7cd746bdb3', 
'FindAttribute', 
'findattribute', 
30, 
200, 
'', 
FALSE);
INSERT INTO "mendixsystem$index" ("id", 
"table_id", 
"index_name")
 VALUES ('b407af86-94cd-35c0-baa2-ece777e9a88f', 
'bc2f89d3-7948-43ce-838a-9e7cd746bdb3', 
'idx_excelimporter$column_system$owner');
INSERT INTO "mendixsystem$index_column" ("index_id", 
"column_id", 
"sort_order", 
"ordinal")
 VALUES ('b407af86-94cd-35c0-baa2-ece777e9a88f', 
'3ac08050-adfe-3f68-8b74-46087da18818', 
FALSE, 
0);
INSERT INTO "mendixsystem$index" ("id", 
"table_id", 
"index_name")
 VALUES ('cfa142c3-63b4-3ec7-b634-06009077669a', 
'bc2f89d3-7948-43ce-838a-9e7cd746bdb3', 
'idx_excelimporter$column_system$changedby');
INSERT INTO "mendixsystem$index_column" ("index_id", 
"column_id", 
"sort_order", 
"ordinal")
 VALUES ('cfa142c3-63b4-3ec7-b634-06009077669a', 
'bdcad2a6-745f-305a-8060-56cf58aa8762', 
FALSE, 
0);
INSERT INTO "mendixsystem$association" ("id", 
"association_name", 
"table_name", 
"parent_entity_id", 
"child_entity_id", 
"parent_column_name", 
"child_column_name")
 VALUES ('3ac08050-adfe-3f68-8b74-46087da18818', 
'System.owner', 
'system$owner', 
'bc2f89d3-7948-43ce-838a-9e7cd746bdb3', 
'282e2e60-88a5-469d-84a5-ba8d9151644f', 
'id', 
'system$owner');
INSERT INTO "mendixsystem$association" ("id", 
"association_name", 
"table_name", 
"parent_entity_id", 
"child_entity_id", 
"parent_column_name", 
"child_column_name")
 VALUES ('bdcad2a6-745f-305a-8060-56cf58aa8762', 
'System.changedBy', 
'system$changedby', 
'bc2f89d3-7948-43ce-838a-9e7cd746bdb3', 
'282e2e60-88a5-469d-84a5-ba8d9151644f', 
'id', 
'system$changedby');
CREATE TABLE "excelimporter$column_mxobjectmember_reference" (
	"excelimporter$columnid" int8 NOT NULL,
	"mxmodelreflection$mxobjectmemberid" int8 NOT NULL,
	PRIMARY KEY("excelimporter$columnid","mxmodelreflection$mxobjectmemberid"));
CREATE INDEX "idx_excelimporter$column_mxobjectmember_reference" ON "excelimporter$column_mxobjectmember_reference"
	("mxmodelreflection$mxobjectmemberid","excelimporter$columnid");
INSERT INTO "mendixsystem$association" ("id", 
"association_name", 
"table_name", 
"parent_entity_id", 
"child_entity_id", 
"parent_column_name", 
"child_column_name", 
"index_name")
 VALUES ('0126307e-80cd-4289-a9b0-9559f1bdfbab', 
'ExcelImporter.Column_MxObjectMember_Reference', 
'excelimporter$column_mxobjectmember_reference', 
'bc2f89d3-7948-43ce-838a-9e7cd746bdb3', 
'6fb977a3-209e-4c93-bc39-990646eefc89', 
'excelimporter$columnid', 
'mxmodelreflection$mxobjectmemberid', 
'idx_excelimporter$column_mxobjectmember_reference');
CREATE TABLE "excelimporter$column_microflows" (
	"excelimporter$columnid" int8 NOT NULL,
	"mxmodelreflection$microflowsid" int8 NOT NULL,
	PRIMARY KEY("excelimporter$columnid","mxmodelreflection$microflowsid"));
CREATE INDEX "idx_excelimporter$column_microflows" ON "excelimporter$column_microflows"
	("mxmodelreflection$microflowsid","excelimporter$columnid");
INSERT INTO "mendixsystem$association" ("id", 
"association_name", 
"table_name", 
"parent_entity_id", 
"child_entity_id", 
"parent_column_name", 
"child_column_name", 
"index_name")
 VALUES ('050f9eb2-6dd0-4d9b-9105-ea052bcb2c1b', 
'ExcelImporter.Column_Microflows', 
'excelimporter$column_microflows', 
'bc2f89d3-7948-43ce-838a-9e7cd746bdb3', 
'2ef8ab9f-d45c-4ba1-9041-18c07bb3f943', 
'excelimporter$columnid', 
'mxmodelreflection$microflowsid', 
'idx_excelimporter$column_microflows');
CREATE TABLE "excelimporter$column_mxobjectmember" (
	"excelimporter$columnid" int8 NOT NULL,
	"mxmodelreflection$mxobjectmemberid" int8 NOT NULL,
	PRIMARY KEY("excelimporter$columnid","mxmodelreflection$mxobjectmemberid"));
CREATE INDEX "idx_excelimporter$column_mxobjectmember" ON "excelimporter$column_mxobjectmember"
	("mxmodelreflection$mxobjectmemberid","excelimporter$columnid");
INSERT INTO "mendixsystem$association" ("id", 
"association_name", 
"table_name", 
"parent_entity_id", 
"child_entity_id", 
"parent_column_name", 
"child_column_name", 
"index_name")
 VALUES ('046877bc-7cb6-4dac-97fc-d0b5288b4b02', 
'ExcelImporter.Column_MxObjectMember', 
'excelimporter$column_mxobjectmember', 
'bc2f89d3-7948-43ce-838a-9e7cd746bdb3', 
'6fb977a3-209e-4c93-bc39-990646eefc89', 
'excelimporter$columnid', 
'mxmodelreflection$mxobjectmemberid', 
'idx_excelimporter$column_mxobjectmember');
CREATE TABLE "excelimporter$column_mastercolumn" (
	"excelimporter$columnid1" int8 NOT NULL,
	"excelimporter$columnid2" int8 NOT NULL,
	PRIMARY KEY("excelimporter$columnid1","excelimporter$columnid2"));
CREATE INDEX "idx_excelimporter$column_mastercolumn" ON "excelimporter$column_mastercolumn"
	("excelimporter$columnid2","excelimporter$columnid1");
INSERT INTO "mendixsystem$association" ("id", 
"association_name", 
"table_name", 
"parent_entity_id", 
"child_entity_id", 
"parent_column_name", 
"child_column_name", 
"index_name")
 VALUES ('927d857c-4e67-49fc-9c0c-7f4b64fc0293', 
'ExcelImporter.Column_MasterColumn', 
'excelimporter$column_mastercolumn', 
'bc2f89d3-7948-43ce-838a-9e7cd746bdb3', 
'bc2f89d3-7948-43ce-838a-9e7cd746bdb3', 
'excelimporter$columnid1', 
'excelimporter$columnid2', 
'idx_excelimporter$column_mastercolumn');
CREATE TABLE "excelimporter$column_mxobjecttype" (
	"excelimporter$columnid" int8 NOT NULL,
	"mxmodelreflection$mxobjecttypeid" int8 NOT NULL,
	PRIMARY KEY("excelimporter$columnid","mxmodelreflection$mxobjecttypeid"));
CREATE INDEX "idx_excelimporter$column_mxobjecttype" ON "excelimporter$column_mxobjecttype"
	("mxmodelreflection$mxobjecttypeid","excelimporter$columnid");
INSERT INTO "mendixsystem$association" ("id", 
"association_name", 
"table_name", 
"parent_entity_id", 
"child_entity_id", 
"parent_column_name", 
"child_column_name", 
"index_name")
 VALUES ('106aecc8-cf3f-4f77-838e-171f2af5cb5f', 
'ExcelImporter.Column_MxObjectType', 
'excelimporter$column_mxobjecttype', 
'bc2f89d3-7948-43ce-838a-9e7cd746bdb3', 
'c4616082-6912-4943-9a50-b46af1ebaa6a', 
'excelimporter$columnid', 
'mxmodelreflection$mxobjecttypeid', 
'idx_excelimporter$column_mxobjecttype');
CREATE TABLE "excelimporter$column_valuetype" (
	"excelimporter$columnid" int8 NOT NULL,
	"mxmodelreflection$valuetypeid" int8 NOT NULL,
	PRIMARY KEY("excelimporter$columnid","mxmodelreflection$valuetypeid"));
CREATE INDEX "idx_excelimporter$column_valuetype" ON "excelimporter$column_valuetype"
	("mxmodelreflection$valuetypeid","excelimporter$columnid");
INSERT INTO "mendixsystem$association" ("id", 
"association_name", 
"table_name", 
"parent_entity_id", 
"child_entity_id", 
"parent_column_name", 
"child_column_name", 
"index_name")
 VALUES ('7bae0ced-99d0-4f80-8ed8-8c90a2f4d5fb', 
'ExcelImporter.Column_ValueType', 
'excelimporter$column_valuetype', 
'bc2f89d3-7948-43ce-838a-9e7cd746bdb3', 
'e85810e0-8bfe-4dec-b9a3-e90590683706', 
'excelimporter$columnid', 
'mxmodelreflection$valuetypeid', 
'idx_excelimporter$column_valuetype');
CREATE TABLE "excelimporter$column_mxobjectreference" (
	"excelimporter$columnid" int8 NOT NULL,
	"mxmodelreflection$mxobjectreferenceid" int8 NOT NULL,
	PRIMARY KEY("excelimporter$columnid","mxmodelreflection$mxobjectreferenceid"));
CREATE INDEX "idx_excelimporter$column_mxobjectreference" ON "excelimporter$column_mxobjectreference"
	("mxmodelreflection$mxobjectreferenceid","excelimporter$columnid");
INSERT INTO "mendixsystem$association" ("id", 
"association_name", 
"table_name", 
"parent_entity_id", 
"child_entity_id", 
"parent_column_name", 
"child_column_name", 
"index_name")
 VALUES ('e8f8e481-8161-4fc4-afe0-dc9c3a7ae83a', 
'ExcelImporter.Column_MxObjectReference', 
'excelimporter$column_mxobjectreference', 
'bc2f89d3-7948-43ce-838a-9e7cd746bdb3', 
'7080ebd6-344c-479c-9731-09a3facf9f1a', 
'excelimporter$columnid', 
'mxmodelreflection$mxobjectreferenceid', 
'idx_excelimporter$column_mxobjectreference');
CREATE TABLE "excelimporter$column_mxobjecttype_reference" (
	"excelimporter$columnid" int8 NOT NULL,
	"mxmodelreflection$mxobjecttypeid" int8 NOT NULL,
	PRIMARY KEY("excelimporter$columnid","mxmodelreflection$mxobjecttypeid"));
CREATE INDEX "idx_excelimporter$column_mxobjecttype_reference" ON "excelimporter$column_mxobjecttype_reference"
	("mxmodelreflection$mxobjecttypeid","excelimporter$columnid");
INSERT INTO "mendixsystem$association" ("id", 
"association_name", 
"table_name", 
"parent_entity_id", 
"child_entity_id", 
"parent_column_name", 
"child_column_name", 
"index_name")
 VALUES ('c18e241f-ee89-479a-bd58-5a2dd7e329cc', 
'ExcelImporter.Column_MxObjectType_Reference', 
'excelimporter$column_mxobjecttype_reference', 
'bc2f89d3-7948-43ce-838a-9e7cd746bdb3', 
'c4616082-6912-4943-9a50-b46af1ebaa6a', 
'excelimporter$columnid', 
'mxmodelreflection$mxobjecttypeid', 
'idx_excelimporter$column_mxobjecttype_reference');
CREATE TABLE "excelimporter$column_template" (
	"excelimporter$columnid" int8 NOT NULL,
	"excelimporter$templateid" int8 NOT NULL,
	PRIMARY KEY("excelimporter$columnid","excelimporter$templateid"));
CREATE INDEX "idx_excelimporter$column_template" ON "excelimporter$column_template"
	("excelimporter$templateid","excelimporter$columnid");
INSERT INTO "mendixsystem$association" ("id", 
"association_name", 
"table_name", 
"parent_entity_id", 
"child_entity_id", 
"parent_column_name", 
"child_column_name", 
"index_name")
 VALUES ('f4544da9-c974-4d72-bff9-4bd74ff1461a', 
'ExcelImporter.Column_Template', 
'excelimporter$column_template', 
'bc2f89d3-7948-43ce-838a-9e7cd746bdb3', 
'b28f5fce-aceb-46e1-bf11-c28e33bc7c58', 
'excelimporter$columnid', 
'excelimporter$templateid', 
'idx_excelimporter$column_template');
CREATE TABLE "mxmodelreflection$valuetype" (
	"id" int8 NOT NULL,
	"changeddate" timestamp NULL,
	"createddate" timestamp NULL,
	"typeenum" varchar(11) NULL,
	"name" varchar(200) NULL,
	"system$owner" int8 NULL,
	"system$changedby" int8 NULL,
	PRIMARY KEY("id"));
CREATE INDEX "idx_mxmodelreflection$valuetype_system$owner" ON "mxmodelreflection$valuetype"
	("system$owner","id");
CREATE INDEX "idx_mxmodelreflection$valuetype_system$changedby" ON "mxmodelreflection$valuetype"
	("system$changedby","id");
INSERT INTO "mendixsystem$entity" ("id", 
"entity_name", 
"table_name")
 VALUES ('e85810e0-8bfe-4dec-b9a3-e90590683706', 
'MxModelReflection.ValueType', 
'mxmodelreflection$valuetype');
INSERT INTO "mendixsystem$attribute" ("id", 
"entity_id", 
"attribute_name", 
"column_name", 
"type", 
"length", 
"default_value", 
"is_auto_number")
 VALUES ('dc72f29a-197c-3a42-907a-5eaadaa0e92f', 
'e85810e0-8bfe-4dec-b9a3-e90590683706', 
'changedDate', 
'changeddate', 
20, 
0, 
'', 
FALSE);
INSERT INTO "mendixsystem$attribute" ("id", 
"entity_id", 
"attribute_name", 
"column_name", 
"type", 
"length", 
"default_value", 
"is_auto_number")
 VALUES ('3aad8889-5137-34fa-9e45-696a75c3e660', 
'e85810e0-8bfe-4dec-b9a3-e90590683706', 
'createdDate', 
'createddate', 
20, 
0, 
'', 
FALSE);
INSERT INTO "mendixsystem$attribute" ("id", 
"entity_id", 
"attribute_name", 
"column_name", 
"type", 
"length", 
"default_value", 
"is_auto_number")
 VALUES ('82078434-1771-4d10-af2d-5a055070e6ff', 
'e85810e0-8bfe-4dec-b9a3-e90590683706', 
'TypeEnum', 
'typeenum', 
40, 
11, 
'', 
FALSE);
INSERT INTO "mendixsystem$attribute" ("id", 
"entity_id", 
"attribute_name", 
"column_name", 
"type", 
"length", 
"default_value", 
"is_auto_number")
 VALUES ('316ff536-d758-4236-b5f7-b01e0c659929', 
'e85810e0-8bfe-4dec-b9a3-e90590683706', 
'Name', 
'name', 
30, 
200, 
'', 
FALSE);
INSERT INTO "mendixsystem$index" ("id", 
"table_id", 
"index_name")
 VALUES ('84a1e84f-f56e-3445-9dee-b6ce1a123d28', 
'e85810e0-8bfe-4dec-b9a3-e90590683706', 
'idx_mxmodelreflection$valuetype_system$owner');
INSERT INTO "mendixsystem$index_column" ("index_id", 
"column_id", 
"sort_order", 
"ordinal")
 VALUES ('84a1e84f-f56e-3445-9dee-b6ce1a123d28', 
'885c3952-2316-3fa7-8cef-db8e65610c5a', 
FALSE, 
0);
INSERT INTO "mendixsystem$index" ("id", 
"table_id", 
"index_name")
 VALUES ('6859199d-f78a-36e8-bd14-312358869abc', 
'e85810e0-8bfe-4dec-b9a3-e90590683706', 
'idx_mxmodelreflection$valuetype_system$changedby');
INSERT INTO "mendixsystem$index_column" ("index_id", 
"column_id", 
"sort_order", 
"ordinal")
 VALUES ('6859199d-f78a-36e8-bd14-312358869abc', 
'649d6483-5cad-3325-80b3-6dab4a7cbce2', 
FALSE, 
0);
INSERT INTO "mendixsystem$association" ("id", 
"association_name", 
"table_name", 
"parent_entity_id", 
"child_entity_id", 
"parent_column_name", 
"child_column_name")
 VALUES ('885c3952-2316-3fa7-8cef-db8e65610c5a', 
'System.owner', 
'system$owner', 
'e85810e0-8bfe-4dec-b9a3-e90590683706', 
'282e2e60-88a5-469d-84a5-ba8d9151644f', 
'id', 
'system$owner');
INSERT INTO "mendixsystem$association" ("id", 
"association_name", 
"table_name", 
"parent_entity_id", 
"child_entity_id", 
"parent_column_name", 
"child_column_name")
 VALUES ('649d6483-5cad-3325-80b3-6dab4a7cbce2', 
'System.changedBy', 
'system$changedby', 
'e85810e0-8bfe-4dec-b9a3-e90590683706', 
'282e2e60-88a5-469d-84a5-ba8d9151644f', 
'id', 
'system$changedby');
CREATE TABLE "mxmodelreflection$valuetype_mxobjecttype" (
	"mxmodelreflection$valuetypeid" int8 NOT NULL,
	"mxmodelreflection$mxobjecttypeid" int8 NOT NULL,
	PRIMARY KEY("mxmodelreflection$valuetypeid","mxmodelreflection$mxobjecttypeid"));
CREATE INDEX "idx_mxmodelreflection$valuetype_mxobjecttype" ON "mxmodelreflection$valuetype_mxobjecttype"
	("mxmodelreflection$mxobjecttypeid","mxmodelreflection$valuetypeid");
INSERT INTO "mendixsystem$association" ("id", 
"association_name", 
"table_name", 
"parent_entity_id", 
"child_entity_id", 
"parent_column_name", 
"child_column_name", 
"index_name")
 VALUES ('cf867491-fff1-4c0c-8f8d-cc38e37014c5', 
'MxModelReflection.ValueType_MxObjectType', 
'mxmodelreflection$valuetype_mxobjecttype', 
'e85810e0-8bfe-4dec-b9a3-e90590683706', 
'c4616082-6912-4943-9a50-b46af1ebaa6a', 
'mxmodelreflection$valuetypeid', 
'mxmodelreflection$mxobjecttypeid', 
'idx_mxmodelreflection$valuetype_mxobjecttype');
CREATE TABLE "excelimporter$log" (
	"id" int8 NOT NULL,
	"changeddate" timestamp NULL,
	"createddate" timestamp NULL,
	"logline" varchar NULL,
	"system$changedby" int8 NULL,
	"system$owner" int8 NULL,
	PRIMARY KEY("id"));
CREATE INDEX "idx_excelimporter$log_system$changedby" ON "excelimporter$log"
	("system$changedby","id");
CREATE INDEX "idx_excelimporter$log_system$owner" ON "excelimporter$log"
	("system$owner","id");
INSERT INTO "mendixsystem$entity" ("id", 
"entity_name", 
"table_name")
 VALUES ('49839f09-6716-45d9-9565-25de962f3477', 
'ExcelImporter.Log', 
'excelimporter$log');
INSERT INTO "mendixsystem$attribute" ("id", 
"entity_id", 
"attribute_name", 
"column_name", 
"type", 
"length", 
"default_value", 
"is_auto_number")
 VALUES ('6844323d-b1cb-382f-932b-0c0ddd97fd2d', 
'49839f09-6716-45d9-9565-25de962f3477', 
'changedDate', 
'changeddate', 
20, 
0, 
'', 
FALSE);
INSERT INTO "mendixsystem$attribute" ("id", 
"entity_id", 
"attribute_name", 
"column_name", 
"type", 
"length", 
"default_value", 
"is_auto_number")
 VALUES ('71c32675-f446-3621-900a-67f95cd03aeb', 
'49839f09-6716-45d9-9565-25de962f3477', 
'createdDate', 
'createddate', 
20, 
0, 
'', 
FALSE);
INSERT INTO "mendixsystem$attribute" ("id", 
"entity_id", 
"attribute_name", 
"column_name", 
"type", 
"length", 
"default_value", 
"is_auto_number")
 VALUES ('76228b90-f184-433b-80d6-d9501f001990', 
'49839f09-6716-45d9-9565-25de962f3477', 
'Logline', 
'logline', 
30, 
0, 
'', 
FALSE);
INSERT INTO "mendixsystem$index" ("id", 
"table_id", 
"index_name")
 VALUES ('14d90ea2-4027-3de7-afad-cd71832b79fe', 
'49839f09-6716-45d9-9565-25de962f3477', 
'idx_excelimporter$log_system$changedby');
INSERT INTO "mendixsystem$index_column" ("index_id", 
"column_id", 
"sort_order", 
"ordinal")
 VALUES ('14d90ea2-4027-3de7-afad-cd71832b79fe', 
'69b006ee-f6b5-3461-a916-ad9a1eb36973', 
FALSE, 
0);
INSERT INTO "mendixsystem$index" ("id", 
"table_id", 
"index_name")
 VALUES ('554f729b-d726-3617-8be1-633167758522', 
'49839f09-6716-45d9-9565-25de962f3477', 
'idx_excelimporter$log_system$owner');
INSERT INTO "mendixsystem$index_column" ("index_id", 
"column_id", 
"sort_order", 
"ordinal")
 VALUES ('554f729b-d726-3617-8be1-633167758522', 
'0e75882d-59fe-3b43-a671-01af9d033b2f', 
FALSE, 
0);
INSERT INTO "mendixsystem$association" ("id", 
"association_name", 
"table_name", 
"parent_entity_id", 
"child_entity_id", 
"parent_column_name", 
"child_column_name")
 VALUES ('69b006ee-f6b5-3461-a916-ad9a1eb36973', 
'System.changedBy', 
'system$changedby', 
'49839f09-6716-45d9-9565-25de962f3477', 
'282e2e60-88a5-469d-84a5-ba8d9151644f', 
'id', 
'system$changedby');
INSERT INTO "mendixsystem$association" ("id", 
"association_name", 
"table_name", 
"parent_entity_id", 
"child_entity_id", 
"parent_column_name", 
"child_column_name")
 VALUES ('0e75882d-59fe-3b43-a671-01af9d033b2f', 
'System.owner', 
'system$owner', 
'49839f09-6716-45d9-9565-25de962f3477', 
'282e2e60-88a5-469d-84a5-ba8d9151644f', 
'id', 
'system$owner');
CREATE TABLE "excelimporter$log_xmldocumenttemplate" (
	"excelimporter$logid" int8 NOT NULL,
	"excelimporter$xmldocumenttemplateid" int8 NOT NULL,
	PRIMARY KEY("excelimporter$logid","excelimporter$xmldocumenttemplateid"));
CREATE INDEX "idx_excelimporter$log_xmldocumenttemplate" ON "excelimporter$log_xmldocumenttemplate"
	("excelimporter$xmldocumenttemplateid","excelimporter$logid");
INSERT INTO "mendixsystem$association" ("id", 
"association_name", 
"table_name", 
"parent_entity_id", 
"child_entity_id", 
"parent_column_name", 
"child_column_name", 
"index_name")
 VALUES ('2063c4ac-a62a-4fde-ae7f-0c1ca6dffc46', 
'ExcelImporter.Log_XMLDocumentTemplate', 
'excelimporter$log_xmldocumenttemplate', 
'49839f09-6716-45d9-9565-25de962f3477', 
'6038ca20-afb3-41db-ac17-e3c5b2b7ac45', 
'excelimporter$logid', 
'excelimporter$xmldocumenttemplateid', 
'idx_excelimporter$log_xmldocumenttemplate');
CREATE TABLE "unittest$entity" (
	"id" int8 NOT NULL,
	PRIMARY KEY("id"));
INSERT INTO "mendixsystem$entity" ("id", 
"entity_name", 
"table_name")
 VALUES ('e7630e93-2797-402d-ae09-1438e47c1812', 
'UnitTest.Entity', 
'unittest$entity');
CREATE TABLE "mxmodelreflection$microflows" (
	"id" int8 NOT NULL,
	"changeddate" timestamp NULL,
	"createddate" timestamp NULL,
	"module" varchar(200) NULL,
	"completename" varchar(200) NULL,
	"name" varchar(200) NULL,
	"system$changedby" int8 NULL,
	"system$owner" int8 NULL,
	PRIMARY KEY("id"));
CREATE INDEX "idx_mxmodelreflection$microflows_system$changedby" ON "mxmodelreflection$microflows"
	("system$changedby","id");
CREATE INDEX "idx_mxmodelreflection$microflows_system$owner" ON "mxmodelreflection$microflows"
	("system$owner","id");
INSERT INTO "mendixsystem$entity" ("id", 
"entity_name", 
"table_name")
 VALUES ('2ef8ab9f-d45c-4ba1-9041-18c07bb3f943', 
'MxModelReflection.Microflows', 
'mxmodelreflection$microflows');
INSERT INTO "mendixsystem$attribute" ("id", 
"entity_id", 
"attribute_name", 
"column_name", 
"type", 
"length", 
"default_value", 
"is_auto_number")
 VALUES ('09215663-ae41-373e-be27-4ef34cfd5288', 
'2ef8ab9f-d45c-4ba1-9041-18c07bb3f943', 
'changedDate', 
'changeddate', 
20, 
0, 
'', 
FALSE);
INSERT INTO "mendixsystem$attribute" ("id", 
"entity_id", 
"attribute_name", 
"column_name", 
"type", 
"length", 
"default_value", 
"is_auto_number")
 VALUES ('f71b85ec-47d7-36f2-9f97-4cc54979efe6', 
'2ef8ab9f-d45c-4ba1-9041-18c07bb3f943', 
'createdDate', 
'createddate', 
20, 
0, 
'', 
FALSE);
INSERT INTO "mendixsystem$attribute" ("id", 
"entity_id", 
"attribute_name", 
"column_name", 
"type", 
"length", 
"default_value", 
"is_auto_number")
 VALUES ('a00608b7-4fc7-4258-9205-e2e1259795c5', 
'2ef8ab9f-d45c-4ba1-9041-18c07bb3f943', 
'Module', 
'module', 
30, 
200, 
'', 
FALSE);
INSERT INTO "mendixsystem$attribute" ("id", 
"entity_id", 
"attribute_name", 
"column_name", 
"type", 
"length", 
"default_value", 
"is_auto_number")
 VALUES ('7f81cc81-9c14-489a-b8e3-d90d78bbdc4b', 
'2ef8ab9f-d45c-4ba1-9041-18c07bb3f943', 
'CompleteName', 
'completename', 
30, 
200, 
'', 
FALSE);
INSERT INTO "mendixsystem$attribute" ("id", 
"entity_id", 
"attribute_name", 
"column_name", 
"type", 
"length", 
"default_value", 
"is_auto_number")
 VALUES ('f00db1b8-6e6f-4708-bb24-973f56baa537', 
'2ef8ab9f-d45c-4ba1-9041-18c07bb3f943', 
'Name', 
'name', 
30, 
200, 
'', 
FALSE);
INSERT INTO "mendixsystem$index" ("id", 
"table_id", 
"index_name")
 VALUES ('537a4734-0986-3e42-8902-2adad9269ab5', 
'2ef8ab9f-d45c-4ba1-9041-18c07bb3f943', 
'idx_mxmodelreflection$microflows_system$changedby');
INSERT INTO "mendixsystem$index_column" ("index_id", 
"column_id", 
"sort_order", 
"ordinal")
 VALUES ('537a4734-0986-3e42-8902-2adad9269ab5', 
'49bdbd39-2410-31a4-801d-725c4fb586d9', 
FALSE, 
0);
INSERT INTO "mendixsystem$index" ("id", 
"table_id", 
"index_name")
 VALUES ('76df059c-89b2-3757-b6e5-0f24ef27788d', 
'2ef8ab9f-d45c-4ba1-9041-18c07bb3f943', 
'idx_mxmodelreflection$microflows_system$owner');
INSERT INTO "mendixsystem$index_column" ("index_id", 
"column_id", 
"sort_order", 
"ordinal")
 VALUES ('76df059c-89b2-3757-b6e5-0f24ef27788d', 
'4d613611-9517-3244-81c7-355a9c7096b5', 
FALSE, 
0);
INSERT INTO "mendixsystem$association" ("id", 
"association_name", 
"table_name", 
"parent_entity_id", 
"child_entity_id", 
"parent_column_name", 
"child_column_name")
 VALUES ('49bdbd39-2410-31a4-801d-725c4fb586d9', 
'System.changedBy', 
'system$changedby', 
'2ef8ab9f-d45c-4ba1-9041-18c07bb3f943', 
'282e2e60-88a5-469d-84a5-ba8d9151644f', 
'id', 
'system$changedby');
INSERT INTO "mendixsystem$association" ("id", 
"association_name", 
"table_name", 
"parent_entity_id", 
"child_entity_id", 
"parent_column_name", 
"child_column_name")
 VALUES ('4d613611-9517-3244-81c7-355a9c7096b5', 
'System.owner', 
'system$owner', 
'2ef8ab9f-d45c-4ba1-9041-18c07bb3f943', 
'282e2e60-88a5-469d-84a5-ba8d9151644f', 
'id', 
'system$owner');
CREATE TABLE "mxmodelreflection$microflows_module" (
	"mxmodelreflection$microflowsid" int8 NOT NULL,
	"mxmodelreflection$moduleid" int8 NOT NULL,
	PRIMARY KEY("mxmodelreflection$microflowsid","mxmodelreflection$moduleid"));
CREATE INDEX "idx_mxmodelreflection$microflows_module" ON "mxmodelreflection$microflows_module"
	("mxmodelreflection$moduleid","mxmodelreflection$microflowsid");
INSERT INTO "mendixsystem$association" ("id", 
"association_name", 
"table_name", 
"parent_entity_id", 
"child_entity_id", 
"parent_column_name", 
"child_column_name", 
"index_name")
 VALUES ('7b8ea30c-5f27-4556-8c2b-5dd8dfdd8d7f', 
'MxModelReflection.Microflows_Module', 
'mxmodelreflection$microflows_module', 
'2ef8ab9f-d45c-4ba1-9041-18c07bb3f943', 
'a0818ee4-e99e-43b8-ab2e-97f21f6a6119', 
'mxmodelreflection$microflowsid', 
'mxmodelreflection$moduleid', 
'idx_mxmodelreflection$microflows_module');
CREATE TABLE "mxmodelreflection$microflows_output_type" (
	"mxmodelreflection$microflowsid" int8 NOT NULL,
	"mxmodelreflection$valuetypeid" int8 NOT NULL,
	PRIMARY KEY("mxmodelreflection$microflowsid","mxmodelreflection$valuetypeid"));
CREATE INDEX "idx_mxmodelreflection$microflows_output_type" ON "mxmodelreflection$microflows_output_type"
	("mxmodelreflection$valuetypeid","mxmodelreflection$microflowsid");
INSERT INTO "mendixsystem$association" ("id", 
"association_name", 
"table_name", 
"parent_entity_id", 
"child_entity_id", 
"parent_column_name", 
"child_column_name", 
"index_name")
 VALUES ('980fb03e-af67-40b1-af83-d1d19fa1d6bf', 
'MxModelReflection.Microflows_Output_Type', 
'mxmodelreflection$microflows_output_type', 
'2ef8ab9f-d45c-4ba1-9041-18c07bb3f943', 
'e85810e0-8bfe-4dec-b9a3-e90590683706', 
'mxmodelreflection$microflowsid', 
'mxmodelreflection$valuetypeid', 
'idx_mxmodelreflection$microflows_output_type');
CREATE TABLE "mxmodelreflection$microflows_inputparameter" (
	"mxmodelreflection$microflowsid" int8 NOT NULL,
	"mxmodelreflection$parameterid" int8 NOT NULL,
	PRIMARY KEY("mxmodelreflection$microflowsid","mxmodelreflection$parameterid"));
CREATE INDEX "idx_mxmodelreflection$microflows_inputparameter" ON "mxmodelreflection$microflows_inputparameter"
	("mxmodelreflection$parameterid","mxmodelreflection$microflowsid");
INSERT INTO "mendixsystem$association" ("id", 
"association_name", 
"table_name", 
"parent_entity_id", 
"child_entity_id", 
"parent_column_name", 
"child_column_name", 
"index_name")
 VALUES ('fc605e80-e1f0-4c4a-9ccf-a8433a31fa03', 
'MxModelReflection.Microflows_InputParameter', 
'mxmodelreflection$microflows_inputparameter', 
'2ef8ab9f-d45c-4ba1-9041-18c07bb3f943', 
'8aa4c314-a782-4437-be2e-99cfa5332990', 
'mxmodelreflection$microflowsid', 
'mxmodelreflection$parameterid', 
'idx_mxmodelreflection$microflows_inputparameter');
CREATE TABLE "mxmodelreflection$mxobjectenum" (
	"id" int8 NOT NULL,
	PRIMARY KEY("id"));
INSERT INTO "mendixsystem$entity" ("id", 
"entity_name", 
"table_name", 
"superentity_id")
 VALUES ('7fd8ff18-bb3b-4611-beff-2dd9e0c88e2c', 
'MxModelReflection.MxObjectEnum', 
'mxmodelreflection$mxobjectenum', 
'6fb977a3-209e-4c93-bc39-990646eefc89');
CREATE TABLE "mxmodelreflection$values" (
	"mxmodelreflection$mxobjectenumid" int8 NOT NULL,
	"mxmodelreflection$mxobjectenumvalueid" int8 NOT NULL,
	PRIMARY KEY("mxmodelreflection$mxobjectenumid","mxmodelreflection$mxobjectenumvalueid"));
CREATE INDEX "idx_mxmodelreflection$values" ON "mxmodelreflection$values"
	("mxmodelreflection$mxobjectenumvalueid","mxmodelreflection$mxobjectenumid");
INSERT INTO "mendixsystem$association" ("id", 
"association_name", 
"table_name", 
"parent_entity_id", 
"child_entity_id", 
"parent_column_name", 
"child_column_name", 
"index_name")
 VALUES ('280b8116-d8b3-4d16-afd4-7e1d8dc8c124', 
'MxModelReflection.Values', 
'mxmodelreflection$values', 
'7fd8ff18-bb3b-4611-beff-2dd9e0c88e2c', 
'09c9d212-da8d-49ea-a091-713d3a0fc0cb', 
'mxmodelreflection$mxobjectenumid', 
'mxmodelreflection$mxobjectenumvalueid', 
'idx_mxmodelreflection$values');
CREATE TABLE "unittest$company" (
	"id" int8 NOT NULL,
	"company" varchar(200) NULL,
	"address" varchar(200) NULL,
	"ceoemail" varchar(200) NULL,
	"phone" varchar(200) NULL,
	"ceoname" varchar(200) NULL,
	"state" varchar(200) NULL,
	"zipcode" varchar(200) NULL,
	"website" varchar(200) NULL,
	"city" varchar(200) NULL,
	"generalemail" varchar(200) NULL,
	PRIMARY KEY("id"));
INSERT INTO "mendixsystem$entity" ("id", 
"entity_name", 
"table_name")
 VALUES ('31941cac-53ad-4847-95bb-313706eb944e', 
'UnitTest.Company', 
'unittest$company');
INSERT INTO "mendixsystem$attribute" ("id", 
"entity_id", 
"attribute_name", 
"column_name", 
"type", 
"length", 
"default_value", 
"is_auto_number")
 VALUES ('876880bc-9035-4bbb-8bc6-e1729c5778ec', 
'31941cac-53ad-4847-95bb-313706eb944e', 
'Company', 
'company', 
30, 
200, 
'', 
FALSE);
INSERT INTO "mendixsystem$attribute" ("id", 
"entity_id", 
"attribute_name", 
"column_name", 
"type", 
"length", 
"default_value", 
"is_auto_number")
 VALUES ('8e0d8a5b-ab44-4c5f-a478-47e5fdb64381', 
'31941cac-53ad-4847-95bb-313706eb944e', 
'Address', 
'address', 
30, 
200, 
'', 
FALSE);
INSERT INTO "mendixsystem$attribute" ("id", 
"entity_id", 
"attribute_name", 
"column_name", 
"type", 
"length", 
"default_value", 
"is_auto_number")
 VALUES ('3041379a-f49c-477b-be54-581d1a9b08f2', 
'31941cac-53ad-4847-95bb-313706eb944e', 
'CEOEmail', 
'ceoemail', 
30, 
200, 
'', 
FALSE);
INSERT INTO "mendixsystem$attribute" ("id", 
"entity_id", 
"attribute_name", 
"column_name", 
"type", 
"length", 
"default_value", 
"is_auto_number")
 VALUES ('73110065-1a20-49de-9da8-493c9c8f0167', 
'31941cac-53ad-4847-95bb-313706eb944e', 
'Phone', 
'phone', 
30, 
200, 
'', 
FALSE);
INSERT INTO "mendixsystem$attribute" ("id", 
"entity_id", 
"attribute_name", 
"column_name", 
"type", 
"length", 
"default_value", 
"is_auto_number")
 VALUES ('7b941cdf-09d8-4a1a-bc6a-6f823b4c7fec', 
'31941cac-53ad-4847-95bb-313706eb944e', 
'CEOName', 
'ceoname', 
30, 
200, 
'', 
FALSE);
INSERT INTO "mendixsystem$attribute" ("id", 
"entity_id", 
"attribute_name", 
"column_name", 
"type", 
"length", 
"default_value", 
"is_auto_number")
 VALUES ('0a8565d5-15c2-477e-a487-cfd27bf8c7ff', 
'31941cac-53ad-4847-95bb-313706eb944e', 
'State', 
'state', 
30, 
200, 
'', 
FALSE);
INSERT INTO "mendixsystem$attribute" ("id", 
"entity_id", 
"attribute_name", 
"column_name", 
"type", 
"length", 
"default_value", 
"is_auto_number")
 VALUES ('58333d59-71c7-4a1b-819a-334b2d111fa8', 
'31941cac-53ad-4847-95bb-313706eb944e', 
'Zipcode', 
'zipcode', 
30, 
200, 
'', 
FALSE);
INSERT INTO "mendixsystem$attribute" ("id", 
"entity_id", 
"attribute_name", 
"column_name", 
"type", 
"length", 
"default_value", 
"is_auto_number")
 VALUES ('3a472129-7fe7-4a96-96f3-50b8f0bac078', 
'31941cac-53ad-4847-95bb-313706eb944e', 
'Website', 
'website', 
30, 
200, 
'', 
FALSE);
INSERT INTO "mendixsystem$attribute" ("id", 
"entity_id", 
"attribute_name", 
"column_name", 
"type", 
"length", 
"default_value", 
"is_auto_number")
 VALUES ('1ae7c87c-6e83-444e-8614-a52d11921925', 
'31941cac-53ad-4847-95bb-313706eb944e', 
'City', 
'city', 
30, 
200, 
'', 
FALSE);
INSERT INTO "mendixsystem$attribute" ("id", 
"entity_id", 
"attribute_name", 
"column_name", 
"type", 
"length", 
"default_value", 
"is_auto_number")
 VALUES ('9e4b2118-f5cb-4092-bb66-0b81077d063e', 
'31941cac-53ad-4847-95bb-313706eb944e', 
'GeneralEmail', 
'generalemail', 
30, 
200, 
'', 
FALSE);
CREATE TABLE "mxmodelreflection$mxobjectenumvalue" (
	"id" int8 NOT NULL,
	"changeddate" timestamp NULL,
	"createddate" timestamp NULL,
	"name" varchar(200) NULL,
	"system$owner" int8 NULL,
	"system$changedby" int8 NULL,
	PRIMARY KEY("id"));
CREATE INDEX "idx_mxmodelreflection$mxobjectenumvalue_system$owner" ON "mxmodelreflection$mxobjectenumvalue"
	("system$owner","id");
CREATE INDEX "idx_mxmodelreflection$mxobjectenumvalue_system$changedby" ON "mxmodelreflection$mxobjectenumvalue"
	("system$changedby","id");
INSERT INTO "mendixsystem$entity" ("id", 
"entity_name", 
"table_name")
 VALUES ('09c9d212-da8d-49ea-a091-713d3a0fc0cb', 
'MxModelReflection.MxObjectEnumValue', 
'mxmodelreflection$mxobjectenumvalue');
INSERT INTO "mendixsystem$attribute" ("id", 
"entity_id", 
"attribute_name", 
"column_name", 
"type", 
"length", 
"default_value", 
"is_auto_number")
 VALUES ('20204214-2a7e-36cf-8286-b0f7a61677c6', 
'09c9d212-da8d-49ea-a091-713d3a0fc0cb', 
'changedDate', 
'changeddate', 
20, 
0, 
'', 
FALSE);
INSERT INTO "mendixsystem$attribute" ("id", 
"entity_id", 
"attribute_name", 
"column_name", 
"type", 
"length", 
"default_value", 
"is_auto_number")
 VALUES ('bff4af23-eefc-3dae-9aa6-0fca7354869f', 
'09c9d212-da8d-49ea-a091-713d3a0fc0cb', 
'createdDate', 
'createddate', 
20, 
0, 
'', 
FALSE);
INSERT INTO "mendixsystem$attribute" ("id", 
"entity_id", 
"attribute_name", 
"column_name", 
"type", 
"length", 
"default_value", 
"is_auto_number")
 VALUES ('b2cee965-ea02-4b23-a8e8-c1b9ea982064', 
'09c9d212-da8d-49ea-a091-713d3a0fc0cb', 
'Name', 
'name', 
30, 
200, 
'', 
FALSE);
INSERT INTO "mendixsystem$index" ("id", 
"table_id", 
"index_name")
 VALUES ('dae44932-ffcd-3e54-b131-da2755abb67e', 
'09c9d212-da8d-49ea-a091-713d3a0fc0cb', 
'idx_mxmodelreflection$mxobjectenumvalue_system$owner');
INSERT INTO "mendixsystem$index_column" ("index_id", 
"column_id", 
"sort_order", 
"ordinal")
 VALUES ('dae44932-ffcd-3e54-b131-da2755abb67e', 
'6f3ebe27-26ec-3161-9174-d5af8176435d', 
FALSE, 
0);
INSERT INTO "mendixsystem$index" ("id", 
"table_id", 
"index_name")
 VALUES ('c496fe9b-d4d3-3a20-83d0-fa2715ce6abc', 
'09c9d212-da8d-49ea-a091-713d3a0fc0cb', 
'idx_mxmodelreflection$mxobjectenumvalue_system$changedby');
INSERT INTO "mendixsystem$index_column" ("index_id", 
"column_id", 
"sort_order", 
"ordinal")
 VALUES ('c496fe9b-d4d3-3a20-83d0-fa2715ce6abc', 
'50656107-93ba-3fa1-bbe9-60e92dc11d7e', 
FALSE, 
0);
INSERT INTO "mendixsystem$association" ("id", 
"association_name", 
"table_name", 
"parent_entity_id", 
"child_entity_id", 
"parent_column_name", 
"child_column_name")
 VALUES ('6f3ebe27-26ec-3161-9174-d5af8176435d', 
'System.owner', 
'system$owner', 
'09c9d212-da8d-49ea-a091-713d3a0fc0cb', 
'282e2e60-88a5-469d-84a5-ba8d9151644f', 
'id', 
'system$owner');
INSERT INTO "mendixsystem$association" ("id", 
"association_name", 
"table_name", 
"parent_entity_id", 
"child_entity_id", 
"parent_column_name", 
"child_column_name")
 VALUES ('50656107-93ba-3fa1-bbe9-60e92dc11d7e', 
'System.changedBy', 
'system$changedby', 
'09c9d212-da8d-49ea-a091-713d3a0fc0cb', 
'282e2e60-88a5-469d-84a5-ba8d9151644f', 
'id', 
'system$changedby');
CREATE TABLE "mxmodelreflection$captions" (
	"mxmodelreflection$mxobjectenumvalueid" int8 NOT NULL,
	"mxmodelreflection$mxobjectenumcaptionsid" int8 NOT NULL,
	PRIMARY KEY("mxmodelreflection$mxobjectenumvalueid","mxmodelreflection$mxobjectenumcaptionsid"));
CREATE INDEX "idx_mxmodelreflection$captions" ON "mxmodelreflection$captions"
	("mxmodelreflection$mxobjectenumcaptionsid","mxmodelreflection$mxobjectenumvalueid");
INSERT INTO "mendixsystem$association" ("id", 
"association_name", 
"table_name", 
"parent_entity_id", 
"child_entity_id", 
"parent_column_name", 
"child_column_name", 
"index_name")
 VALUES ('db7a98dd-a9e4-45b7-91c1-6c8e1934a168', 
'MxModelReflection.Captions', 
'mxmodelreflection$captions', 
'09c9d212-da8d-49ea-a091-713d3a0fc0cb', 
'b618413a-b9ed-48a1-886e-fa5969e0af7c', 
'mxmodelreflection$mxobjectenumvalueid', 
'mxmodelreflection$mxobjectenumcaptionsid', 
'idx_mxmodelreflection$captions');
CREATE TABLE "mxmodelreflection$dbsizeestimate" (
	"id" int8 NOT NULL,
	"findobjecttype" varchar(200) NULL,
	"calculatedsizeinkilobytes" int8 NULL,
	"calculatedsizeinbytes" int8 NULL,
	"nrofrecords" int4 NULL,
	PRIMARY KEY("id"));
INSERT INTO "mendixsystem$entity" ("id", 
"entity_name", 
"table_name")
 VALUES ('a4d545bc-5581-444e-bcc8-89425efad4e3', 
'MxModelReflection.DbSizeEstimate', 
'mxmodelreflection$dbsizeestimate');
INSERT INTO "mendixsystem$attribute" ("id", 
"entity_id", 
"attribute_name", 
"column_name", 
"type", 
"length", 
"default_value", 
"is_auto_number")
 VALUES ('084af4c7-ba06-4aa0-9c47-65c0c2f1db73', 
'a4d545bc-5581-444e-bcc8-89425efad4e3', 
'FindObjectType', 
'findobjecttype', 
30, 
200, 
'', 
FALSE);
INSERT INTO "mendixsystem$attribute" ("id", 
"entity_id", 
"attribute_name", 
"column_name", 
"type", 
"length", 
"default_value", 
"is_auto_number")
 VALUES ('ce5d1c26-a4bf-4265-8537-2fd264ef6064', 
'a4d545bc-5581-444e-bcc8-89425efad4e3', 
'CalculatedSizeInKiloBytes', 
'calculatedsizeinkilobytes', 
4, 
0, 
'0', 
FALSE);
INSERT INTO "mendixsystem$attribute" ("id", 
"entity_id", 
"attribute_name", 
"column_name", 
"type", 
"length", 
"default_value", 
"is_auto_number")
 VALUES ('10b5d683-ffbc-4430-9890-b3aab97a1d5e', 
'a4d545bc-5581-444e-bcc8-89425efad4e3', 
'CalculatedSizeInBytes', 
'calculatedsizeinbytes', 
4, 
0, 
'0', 
FALSE);
INSERT INTO "mendixsystem$attribute" ("id", 
"entity_id", 
"attribute_name", 
"column_name", 
"type", 
"length", 
"default_value", 
"is_auto_number")
 VALUES ('67571198-66aa-43fe-bcee-77ec6b8102e0', 
'a4d545bc-5581-444e-bcc8-89425efad4e3', 
'NrOfRecords', 
'nrofrecords', 
3, 
0, 
'', 
FALSE);
CREATE TABLE "mxmodelreflection$dbsizeestimate_mxobjecttype" (
	"mxmodelreflection$dbsizeestimateid" int8 NOT NULL,
	"mxmodelreflection$mxobjecttypeid" int8 NOT NULL,
	PRIMARY KEY("mxmodelreflection$dbsizeestimateid","mxmodelreflection$mxobjecttypeid"));
CREATE INDEX "idx_mxmodelreflection$dbsizeestimate_mxobjecttype" ON "mxmodelreflection$dbsizeestimate_mxobjecttype"
	("mxmodelreflection$mxobjecttypeid","mxmodelreflection$dbsizeestimateid");
INSERT INTO "mendixsystem$association" ("id", 
"association_name", 
"table_name", 
"parent_entity_id", 
"child_entity_id", 
"parent_column_name", 
"child_column_name", 
"index_name")
 VALUES ('56a51a13-03b4-4ad2-869d-bd19222528af', 
'MxModelReflection.DbSizeEstimate_MxObjectType', 
'mxmodelreflection$dbsizeestimate_mxobjecttype', 
'a4d545bc-5581-444e-bcc8-89425efad4e3', 
'c4616082-6912-4943-9a50-b46af1ebaa6a', 
'mxmodelreflection$dbsizeestimateid', 
'mxmodelreflection$mxobjecttypeid', 
'idx_mxmodelreflection$dbsizeestimate_mxobjecttype');
CREATE TABLE "mxmodelreflection$mxobjectmember" (
	"id" int8 NOT NULL,
	"changeddate" timestamp NULL,
	"descriptivename" varchar(200) NULL,
	"createddate" timestamp NULL,
	"attributetype" varchar(200) NULL,
	"fieldlength" int4 NULL,
	"attributename" varchar(200) NULL,
	"completename" varchar(400) NULL,
	"isvirtual" bool NULL,
	"attributetypeenum" varchar(11) NULL,
	"submetaobjectname" varchar(255) NULL,
	"system$owner" int8 NULL,
	"system$changedby" int8 NULL,
	PRIMARY KEY("id"));
CREATE INDEX "idx_mxmodelreflection$mxobjectmember_submetaobjectname" ON "mxmodelreflection$mxobjectmember"
	("submetaobjectname","id");
CREATE INDEX "idx_mxmodelreflection$mxobjectmember_system$owner" ON "mxmodelreflection$mxobjectmember"
	("system$owner","id");
CREATE INDEX "idx_mxmodelreflection$mxobjectmember_system$changedby" ON "mxmodelreflection$mxobjectmember"
	("system$changedby","id");
INSERT INTO "mendixsystem$entity" ("id", 
"entity_name", 
"table_name")
 VALUES ('6fb977a3-209e-4c93-bc39-990646eefc89', 
'MxModelReflection.MxObjectMember', 
'mxmodelreflection$mxobjectmember');
INSERT INTO "mendixsystem$attribute" ("id", 
"entity_id", 
"attribute_name", 
"column_name", 
"type", 
"length", 
"default_value", 
"is_auto_number")
 VALUES ('09f71352-aae1-38fe-ab9c-d1d9befe94d5', 
'6fb977a3-209e-4c93-bc39-990646eefc89', 
'changedDate', 
'changeddate', 
20, 
0, 
'', 
FALSE);
INSERT INTO "mendixsystem$attribute" ("id", 
"entity_id", 
"attribute_name", 
"column_name", 
"type", 
"length", 
"default_value", 
"is_auto_number")
 VALUES ('394e039b-ea3b-4308-ba7a-79effcc2ad33', 
'6fb977a3-209e-4c93-bc39-990646eefc89', 
'DescriptiveName', 
'descriptivename', 
30, 
200, 
'', 
FALSE);
INSERT INTO "mendixsystem$attribute" ("id", 
"entity_id", 
"attribute_name", 
"column_name", 
"type", 
"length", 
"default_value", 
"is_auto_number")
 VALUES ('bac2963c-f55b-3fa0-8a5d-0b3a6f4da991', 
'6fb977a3-209e-4c93-bc39-990646eefc89', 
'createdDate', 
'createddate', 
20, 
0, 
'', 
FALSE);
INSERT INTO "mendixsystem$attribute" ("id", 
"entity_id", 
"attribute_name", 
"column_name", 
"type", 
"length", 
"default_value", 
"is_auto_number")
 VALUES ('a0f45ced-2e26-4bdd-b2cc-f001a7a37203', 
'6fb977a3-209e-4c93-bc39-990646eefc89', 
'AttributeType', 
'attributetype', 
30, 
200, 
'', 
FALSE);
INSERT INTO "mendixsystem$attribute" ("id", 
"entity_id", 
"attribute_name", 
"column_name", 
"type", 
"length", 
"default_value", 
"is_auto_number")
 VALUES ('03cdf92d-80a5-422e-bd42-98eb2fecdb33', 
'6fb977a3-209e-4c93-bc39-990646eefc89', 
'FieldLength', 
'fieldlength', 
3, 
0, 
'', 
FALSE);
INSERT INTO "mendixsystem$attribute" ("id", 
"entity_id", 
"attribute_name", 
"column_name", 
"type", 
"length", 
"default_value", 
"is_auto_number")
 VALUES ('43919e2f-f9f6-42a5-b4da-ac7b7900fe01', 
'6fb977a3-209e-4c93-bc39-990646eefc89', 
'AttributeName', 
'attributename', 
30, 
200, 
'', 
FALSE);
INSERT INTO "mendixsystem$attribute" ("id", 
"entity_id", 
"attribute_name", 
"column_name", 
"type", 
"length", 
"default_value", 
"is_auto_number")
 VALUES ('466e39d0-1560-4121-bac0-023583c3014d', 
'6fb977a3-209e-4c93-bc39-990646eefc89', 
'CompleteName', 
'completename', 
30, 
400, 
'', 
FALSE);
INSERT INTO "mendixsystem$attribute" ("id", 
"entity_id", 
"attribute_name", 
"column_name", 
"type", 
"length", 
"default_value", 
"is_auto_number")
 VALUES ('8d2362f4-e66a-4782-8b35-3ce6aa16493b', 
'6fb977a3-209e-4c93-bc39-990646eefc89', 
'IsVirtual', 
'isvirtual', 
10, 
0, 
'false', 
FALSE);
INSERT INTO "mendixsystem$attribute" ("id", 
"entity_id", 
"attribute_name", 
"column_name", 
"type", 
"length", 
"default_value", 
"is_auto_number")
 VALUES ('f8c65388-7a3f-450f-a07c-a89795f3e988', 
'6fb977a3-209e-4c93-bc39-990646eefc89', 
'AttributeTypeEnum', 
'attributetypeenum', 
40, 
11, 
'', 
FALSE);
INSERT INTO "mendixsystem$attribute" ("id", 
"entity_id", 
"attribute_name", 
"column_name", 
"type", 
"length", 
"default_value", 
"is_auto_number")
 VALUES ('c198d0f6-b77c-3624-b444-72f6b8453b70', 
'6fb977a3-209e-4c93-bc39-990646eefc89', 
'submetaobjectname', 
'submetaobjectname', 
30, 
255, 
'MxModelReflection.MxObjectMember', 
FALSE);
INSERT INTO "mendixsystem$index" ("id", 
"table_id", 
"index_name")
 VALUES ('0f5edfa6-e375-390d-9452-9e314d451e23', 
'6fb977a3-209e-4c93-bc39-990646eefc89', 
'idx_mxmodelreflection$mxobjectmember_submetaobjectname');
INSERT INTO "mendixsystem$index_column" ("index_id", 
"column_id", 
"sort_order", 
"ordinal")
 VALUES ('0f5edfa6-e375-390d-9452-9e314d451e23', 
'c198d0f6-b77c-3624-b444-72f6b8453b70', 
FALSE, 
0);
INSERT INTO "mendixsystem$index" ("id", 
"table_id", 
"index_name")
 VALUES ('5bc4136d-83ea-389b-94c1-f93326753801', 
'6fb977a3-209e-4c93-bc39-990646eefc89', 
'idx_mxmodelreflection$mxobjectmember_system$owner');
INSERT INTO "mendixsystem$index_column" ("index_id", 
"column_id", 
"sort_order", 
"ordinal")
 VALUES ('5bc4136d-83ea-389b-94c1-f93326753801', 
'a4abbca8-3fc1-3ff6-84c0-43a139379935', 
FALSE, 
0);
INSERT INTO "mendixsystem$index" ("id", 
"table_id", 
"index_name")
 VALUES ('1d1cc160-3618-3990-8efa-45a48ae80583', 
'6fb977a3-209e-4c93-bc39-990646eefc89', 
'idx_mxmodelreflection$mxobjectmember_system$changedby');
INSERT INTO "mendixsystem$index_column" ("index_id", 
"column_id", 
"sort_order", 
"ordinal")
 VALUES ('1d1cc160-3618-3990-8efa-45a48ae80583', 
'87f9908d-0235-3c25-af4f-7a02fb97fb83', 
FALSE, 
0);
INSERT INTO "mendixsystem$association" ("id", 
"association_name", 
"table_name", 
"parent_entity_id", 
"child_entity_id", 
"parent_column_name", 
"child_column_name")
 VALUES ('a4abbca8-3fc1-3ff6-84c0-43a139379935', 
'System.owner', 
'system$owner', 
'6fb977a3-209e-4c93-bc39-990646eefc89', 
'282e2e60-88a5-469d-84a5-ba8d9151644f', 
'id', 
'system$owner');
INSERT INTO "mendixsystem$association" ("id", 
"association_name", 
"table_name", 
"parent_entity_id", 
"child_entity_id", 
"parent_column_name", 
"child_column_name")
 VALUES ('87f9908d-0235-3c25-af4f-7a02fb97fb83', 
'System.changedBy', 
'system$changedby', 
'6fb977a3-209e-4c93-bc39-990646eefc89', 
'282e2e60-88a5-469d-84a5-ba8d9151644f', 
'id', 
'system$changedby');
CREATE TABLE "mxmodelreflection$mxobjectmember_mxobjecttype" (
	"mxmodelreflection$mxobjectmemberid" int8 NOT NULL,
	"mxmodelreflection$mxobjecttypeid" int8 NOT NULL,
	PRIMARY KEY("mxmodelreflection$mxobjectmemberid","mxmodelreflection$mxobjecttypeid"));
CREATE INDEX "idx_mxmodelreflection$mxobjectmember_mxobjecttype" ON "mxmodelreflection$mxobjectmember_mxobjecttype"
	("mxmodelreflection$mxobjecttypeid","mxmodelreflection$mxobjectmemberid");
INSERT INTO "mendixsystem$association" ("id", 
"association_name", 
"table_name", 
"parent_entity_id", 
"child_entity_id", 
"parent_column_name", 
"child_column_name", 
"index_name")
 VALUES ('098eab32-b034-48d7-9891-00b2e94d14b8', 
'MxModelReflection.MxObjectMember_MxObjectType', 
'mxmodelreflection$mxobjectmember_mxobjecttype', 
'6fb977a3-209e-4c93-bc39-990646eefc89', 
'c4616082-6912-4943-9a50-b46af1ebaa6a', 
'mxmodelreflection$mxobjectmemberid', 
'mxmodelreflection$mxobjecttypeid', 
'idx_mxmodelreflection$mxobjectmember_mxobjecttype');
CREATE TABLE "mxmodelreflection$mxobjectmember_type" (
	"mxmodelreflection$mxobjectmemberid" int8 NOT NULL,
	"mxmodelreflection$valuetypeid" int8 NOT NULL,
	PRIMARY KEY("mxmodelreflection$mxobjectmemberid","mxmodelreflection$valuetypeid"));
CREATE INDEX "idx_mxmodelreflection$mxobjectmember_type" ON "mxmodelreflection$mxobjectmember_type"
	("mxmodelreflection$valuetypeid","mxmodelreflection$mxobjectmemberid");
INSERT INTO "mendixsystem$association" ("id", 
"association_name", 
"table_name", 
"parent_entity_id", 
"child_entity_id", 
"parent_column_name", 
"child_column_name", 
"index_name")
 VALUES ('edaa0c8f-37fd-4414-89c5-ffeb813a845c', 
'MxModelReflection.MxObjectMember_Type', 
'mxmodelreflection$mxobjectmember_type', 
'6fb977a3-209e-4c93-bc39-990646eefc89', 
'e85810e0-8bfe-4dec-b9a3-e90590683706', 
'mxmodelreflection$mxobjectmemberid', 
'mxmodelreflection$valuetypeid', 
'idx_mxmodelreflection$mxobjectmember_type');
CREATE TABLE "excelimporter$additionalproperties" (
	"id" int8 NOT NULL,
	"changeddate" timestamp NULL,
	"printnotfoundmessages_mainobject" bool NULL,
	"commitunchangedobjects_mainobject" bool NULL,
	"ignoreemptykeys" bool NULL,
	"resetemptyassociations" bool NULL,
	"createddate" timestamp NULL,
	"removeunsyncedobjects" varchar(22) NULL,
	"printstatisticsmessages" varchar(19) NULL,
	"system$changedby" int8 NULL,
	"system$owner" int8 NULL,
	PRIMARY KEY("id"));
CREATE INDEX "idx_excelimporter$additionalproperties_system$changedby" ON "excelimporter$additionalproperties"
	("system$changedby","id");
CREATE INDEX "idx_excelimporter$additionalproperties_system$owner" ON "excelimporter$additionalproperties"
	("system$owner","id");
INSERT INTO "mendixsystem$entity" ("id", 
"entity_name", 
"table_name")
 VALUES ('e47402e2-d97a-47af-ab50-f94f1e3f1285', 
'ExcelImporter.AdditionalProperties', 
'excelimporter$additionalproperties');
INSERT INTO "mendixsystem$attribute" ("id", 
"entity_id", 
"attribute_name", 
"column_name", 
"type", 
"length", 
"default_value", 
"is_auto_number")
 VALUES ('92f5e6eb-ea56-30a4-81d4-85d5d510851a', 
'e47402e2-d97a-47af-ab50-f94f1e3f1285', 
'changedDate', 
'changeddate', 
20, 
0, 
'', 
FALSE);
INSERT INTO "mendixsystem$attribute" ("id", 
"entity_id", 
"attribute_name", 
"column_name", 
"type", 
"length", 
"default_value", 
"is_auto_number")
 VALUES ('421fddb6-461a-4e22-b890-41e34f73fa99', 
'e47402e2-d97a-47af-ab50-f94f1e3f1285', 
'PrintNotFoundMessages_MainObject', 
'printnotfoundmessages_mainobject', 
10, 
0, 
'true', 
FALSE);
INSERT INTO "mendixsystem$attribute" ("id", 
"entity_id", 
"attribute_name", 
"column_name", 
"type", 
"length", 
"default_value", 
"is_auto_number")
 VALUES ('d46492bb-4a48-408b-8b0f-b89ebe7b48a7', 
'e47402e2-d97a-47af-ab50-f94f1e3f1285', 
'CommitUnchangedObjects_MainObject', 
'commitunchangedobjects_mainobject', 
10, 
0, 
'true', 
FALSE);
INSERT INTO "mendixsystem$attribute" ("id", 
"entity_id", 
"attribute_name", 
"column_name", 
"type", 
"length", 
"default_value", 
"is_auto_number")
 VALUES ('f82fddc8-54cb-47c1-a4ac-caff11ce9745', 
'e47402e2-d97a-47af-ab50-f94f1e3f1285', 
'IgnoreEmptyKeys', 
'ignoreemptykeys', 
10, 
0, 
'true', 
FALSE);
INSERT INTO "mendixsystem$attribute" ("id", 
"entity_id", 
"attribute_name", 
"column_name", 
"type", 
"length", 
"default_value", 
"is_auto_number")
 VALUES ('3a2a73e0-4349-4a18-a881-92db56d4c468', 
'e47402e2-d97a-47af-ab50-f94f1e3f1285', 
'ResetEmptyAssociations', 
'resetemptyassociations', 
10, 
0, 
'false', 
FALSE);
INSERT INTO "mendixsystem$attribute" ("id", 
"entity_id", 
"attribute_name", 
"column_name", 
"type", 
"length", 
"default_value", 
"is_auto_number")
 VALUES ('6ea0a828-62e5-3328-890b-97460a2c2249', 
'e47402e2-d97a-47af-ab50-f94f1e3f1285', 
'createdDate', 
'createddate', 
20, 
0, 
'', 
FALSE);
INSERT INTO "mendixsystem$attribute" ("id", 
"entity_id", 
"attribute_name", 
"column_name", 
"type", 
"length", 
"default_value", 
"is_auto_number")
 VALUES ('b59d6ddf-61ec-486f-bf36-213856722748', 
'e47402e2-d97a-47af-ab50-f94f1e3f1285', 
'RemoveUnsyncedObjects', 
'removeunsyncedobjects', 
40, 
22, 
'Nothing', 
FALSE);
INSERT INTO "mendixsystem$attribute" ("id", 
"entity_id", 
"attribute_name", 
"column_name", 
"type", 
"length", 
"default_value", 
"is_auto_number")
 VALUES ('824b8859-86ff-434d-b6ff-fd9405599c5b', 
'e47402e2-d97a-47af-ab50-f94f1e3f1285', 
'PrintStatisticsMessages', 
'printstatisticsmessages', 
40, 
19, 
'AllStatistics', 
FALSE);
INSERT INTO "mendixsystem$index" ("id", 
"table_id", 
"index_name")
 VALUES ('204a0567-7077-31c3-8c32-c185d042b4de', 
'e47402e2-d97a-47af-ab50-f94f1e3f1285', 
'idx_excelimporter$additionalproperties_system$changedby');
INSERT INTO "mendixsystem$index_column" ("index_id", 
"column_id", 
"sort_order", 
"ordinal")
 VALUES ('204a0567-7077-31c3-8c32-c185d042b4de', 
'de1b40f3-b590-3f03-97b4-7066b6c4aac0', 
FALSE, 
0);
INSERT INTO "mendixsystem$index" ("id", 
"table_id", 
"index_name")
 VALUES ('9a6d8254-619e-3d43-9e10-cc68b37f2a4c', 
'e47402e2-d97a-47af-ab50-f94f1e3f1285', 
'idx_excelimporter$additionalproperties_system$owner');
INSERT INTO "mendixsystem$index_column" ("index_id", 
"column_id", 
"sort_order", 
"ordinal")
 VALUES ('9a6d8254-619e-3d43-9e10-cc68b37f2a4c', 
'b044337e-92eb-3766-a1f3-e1a1a5999bb6', 
FALSE, 
0);
INSERT INTO "mendixsystem$association" ("id", 
"association_name", 
"table_name", 
"parent_entity_id", 
"child_entity_id", 
"parent_column_name", 
"child_column_name")
 VALUES ('de1b40f3-b590-3f03-97b4-7066b6c4aac0', 
'System.changedBy', 
'system$changedby', 
'e47402e2-d97a-47af-ab50-f94f1e3f1285', 
'282e2e60-88a5-469d-84a5-ba8d9151644f', 
'id', 
'system$changedby');
INSERT INTO "mendixsystem$association" ("id", 
"association_name", 
"table_name", 
"parent_entity_id", 
"child_entity_id", 
"parent_column_name", 
"child_column_name")
 VALUES ('b044337e-92eb-3766-a1f3-e1a1a5999bb6', 
'System.owner', 
'system$owner', 
'e47402e2-d97a-47af-ab50-f94f1e3f1285', 
'282e2e60-88a5-469d-84a5-ba8d9151644f', 
'id', 
'system$owner');
CREATE TABLE "excelimporter$additionalpropertie_mxobjectmember_removeindicato" (
	"excelimporter$additionalpropertiesid" int8 NOT NULL,
	"mxmodelreflection$mxobjectmemberid" int8 NOT NULL,
	PRIMARY KEY("excelimporter$additionalpropertiesid","mxmodelreflection$mxobjectmemberid"));
CREATE INDEX "idx_excelimporte$additionalproperti_mxobjectmembe_removeindicat" ON "excelimporter$additionalpropertie_mxobjectmember_removeindicato"
	("mxmodelreflection$mxobjectmemberid","excelimporter$additionalpropertiesid");
INSERT INTO "mendixsystem$association" ("id", 
"association_name", 
"table_name", 
"parent_entity_id", 
"child_entity_id", 
"parent_column_name", 
"child_column_name", 
"index_name")
 VALUES ('0e56c144-4a3c-4f92-9057-27c6880c2858', 
'ExcelImporter.AdditionalProperties_MxObjectMember_RemoveIndicator', 
'excelimporter$additionalpropertie_mxobjectmember_removeindicato', 
'e47402e2-d97a-47af-ab50-f94f1e3f1285', 
'6fb977a3-209e-4c93-bc39-990646eefc89', 
'excelimporter$additionalpropertiesid', 
'mxmodelreflection$mxobjectmemberid', 
'idx_excelimporte$additionalproperti_mxobjectmembe_removeindicat');
CREATE TABLE "mxmodelreflection$parameter" (
	"id" int8 NOT NULL,
	"changeddate" timestamp NULL,
	"createddate" timestamp NULL,
	"name" varchar(200) NULL,
	"system$changedby" int8 NULL,
	"system$owner" int8 NULL,
	PRIMARY KEY("id"));
CREATE INDEX "idx_mxmodelreflection$parameter_system$changedby" ON "mxmodelreflection$parameter"
	("system$changedby","id");
CREATE INDEX "idx_mxmodelreflection$parameter_system$owner" ON "mxmodelreflection$parameter"
	("system$owner","id");
INSERT INTO "mendixsystem$entity" ("id", 
"entity_name", 
"table_name")
 VALUES ('8aa4c314-a782-4437-be2e-99cfa5332990', 
'MxModelReflection.Parameter', 
'mxmodelreflection$parameter');
INSERT INTO "mendixsystem$attribute" ("id", 
"entity_id", 
"attribute_name", 
"column_name", 
"type", 
"length", 
"default_value", 
"is_auto_number")
 VALUES ('1f9f5f71-6c9f-39d0-a09a-bad6d4a345a1', 
'8aa4c314-a782-4437-be2e-99cfa5332990', 
'changedDate', 
'changeddate', 
20, 
0, 
'', 
FALSE);
INSERT INTO "mendixsystem$attribute" ("id", 
"entity_id", 
"attribute_name", 
"column_name", 
"type", 
"length", 
"default_value", 
"is_auto_number")
 VALUES ('8e26a0d1-d0b3-34e4-a0db-0bed545dc616', 
'8aa4c314-a782-4437-be2e-99cfa5332990', 
'createdDate', 
'createddate', 
20, 
0, 
'', 
FALSE);
INSERT INTO "mendixsystem$attribute" ("id", 
"entity_id", 
"attribute_name", 
"column_name", 
"type", 
"length", 
"default_value", 
"is_auto_number")
 VALUES ('a796c829-856c-40d3-9fb7-390acc1050b0', 
'8aa4c314-a782-4437-be2e-99cfa5332990', 
'Name', 
'name', 
30, 
200, 
'', 
FALSE);
INSERT INTO "mendixsystem$index" ("id", 
"table_id", 
"index_name")
 VALUES ('71df993d-bcdd-34dd-b85a-c0044bf3aa4a', 
'8aa4c314-a782-4437-be2e-99cfa5332990', 
'idx_mxmodelreflection$parameter_system$changedby');
INSERT INTO "mendixsystem$index_column" ("index_id", 
"column_id", 
"sort_order", 
"ordinal")
 VALUES ('71df993d-bcdd-34dd-b85a-c0044bf3aa4a', 
'25e070a6-110a-3d37-9067-b218c678144f', 
FALSE, 
0);
INSERT INTO "mendixsystem$index" ("id", 
"table_id", 
"index_name")
 VALUES ('b2f038e6-96f2-3461-ad60-99603e341f9e', 
'8aa4c314-a782-4437-be2e-99cfa5332990', 
'idx_mxmodelreflection$parameter_system$owner');
INSERT INTO "mendixsystem$index_column" ("index_id", 
"column_id", 
"sort_order", 
"ordinal")
 VALUES ('b2f038e6-96f2-3461-ad60-99603e341f9e', 
'94a1e52e-1330-34bf-adef-313a67c35812', 
FALSE, 
0);
INSERT INTO "mendixsystem$association" ("id", 
"association_name", 
"table_name", 
"parent_entity_id", 
"child_entity_id", 
"parent_column_name", 
"child_column_name")
 VALUES ('25e070a6-110a-3d37-9067-b218c678144f', 
'System.changedBy', 
'system$changedby', 
'8aa4c314-a782-4437-be2e-99cfa5332990', 
'282e2e60-88a5-469d-84a5-ba8d9151644f', 
'id', 
'system$changedby');
INSERT INTO "mendixsystem$association" ("id", 
"association_name", 
"table_name", 
"parent_entity_id", 
"child_entity_id", 
"parent_column_name", 
"child_column_name")
 VALUES ('94a1e52e-1330-34bf-adef-313a67c35812', 
'System.owner', 
'system$owner', 
'8aa4c314-a782-4437-be2e-99cfa5332990', 
'282e2e60-88a5-469d-84a5-ba8d9151644f', 
'id', 
'system$owner');
CREATE TABLE "mxmodelreflection$parameter_valuetype" (
	"mxmodelreflection$parameterid" int8 NOT NULL,
	"mxmodelreflection$valuetypeid" int8 NOT NULL,
	PRIMARY KEY("mxmodelreflection$parameterid","mxmodelreflection$valuetypeid"));
CREATE INDEX "idx_mxmodelreflection$parameter_valuetype" ON "mxmodelreflection$parameter_valuetype"
	("mxmodelreflection$valuetypeid","mxmodelreflection$parameterid");
INSERT INTO "mendixsystem$association" ("id", 
"association_name", 
"table_name", 
"parent_entity_id", 
"child_entity_id", 
"parent_column_name", 
"child_column_name", 
"index_name")
 VALUES ('29ffb7fc-61d5-4cd2-b09a-e44a917cc456', 
'MxModelReflection.Parameter_ValueType', 
'mxmodelreflection$parameter_valuetype', 
'8aa4c314-a782-4437-be2e-99cfa5332990', 
'e85810e0-8bfe-4dec-b9a3-e90590683706', 
'mxmodelreflection$parameterid', 
'mxmodelreflection$valuetypeid', 
'idx_mxmodelreflection$parameter_valuetype');
CREATE TABLE "mxmodelreflection$parameter_mxobjecttype" (
	"mxmodelreflection$parameterid" int8 NOT NULL,
	"mxmodelreflection$mxobjecttypeid" int8 NOT NULL,
	PRIMARY KEY("mxmodelreflection$parameterid","mxmodelreflection$mxobjecttypeid"));
CREATE INDEX "idx_mxmodelreflection$parameter_mxobjecttype" ON "mxmodelreflection$parameter_mxobjecttype"
	("mxmodelreflection$mxobjecttypeid","mxmodelreflection$parameterid");
INSERT INTO "mendixsystem$association" ("id", 
"association_name", 
"table_name", 
"parent_entity_id", 
"child_entity_id", 
"parent_column_name", 
"child_column_name", 
"index_name")
 VALUES ('20777c32-6843-4154-ad5d-927859d07b0c', 
'MxModelReflection.Parameter_MxObjectType', 
'mxmodelreflection$parameter_mxobjecttype', 
'8aa4c314-a782-4437-be2e-99cfa5332990', 
'c4616082-6912-4943-9a50-b46af1ebaa6a', 
'mxmodelreflection$parameterid', 
'mxmodelreflection$mxobjecttypeid', 
'idx_mxmodelreflection$parameter_mxobjecttype');
CREATE TABLE "excelimporter$templatedocument" (
	"id" int8 NOT NULL,
	PRIMARY KEY("id"));
INSERT INTO "mendixsystem$entity" ("id", 
"entity_name", 
"table_name", 
"superentity_id")
 VALUES ('a0a6e637-299b-4d9c-8c36-ce95070fee56', 
'ExcelImporter.TemplateDocument', 
'excelimporter$templatedocument', 
'170ce49d-f29c-4fac-99a6-b55e8a3aeb39');
CREATE TABLE "excelimporter$templatedocument_template" (
	"excelimporter$templatedocumentid" int8 NOT NULL,
	"excelimporter$templateid" int8 NOT NULL,
	PRIMARY KEY("excelimporter$templatedocumentid","excelimporter$templateid"));
CREATE INDEX "idx_excelimporter$templatedocument_template" ON "excelimporter$templatedocument_template"
	("excelimporter$templateid","excelimporter$templatedocumentid");
INSERT INTO "mendixsystem$association" ("id", 
"association_name", 
"table_name", 
"parent_entity_id", 
"child_entity_id", 
"parent_column_name", 
"child_column_name", 
"index_name")
 VALUES ('77a13bdc-bf4b-4e41-933b-43033f2c3a91', 
'ExcelImporter.TemplateDocument_Template', 
'excelimporter$templatedocument_template', 
'a0a6e637-299b-4d9c-8c36-ce95070fee56', 
'b28f5fce-aceb-46e1-bf11-c28e33bc7c58', 
'excelimporter$templatedocumentid', 
'excelimporter$templateid', 
'idx_excelimporter$templatedocument_template');
CREATE TABLE "mxmodelreflection$token" (
	"id" int8 NOT NULL,
	"status" varchar(7) NULL,
	"findreference" varchar(200) NULL,
	"findobjectstart" varchar(200) NULL,
	"displaypattern" varchar(50) NULL,
	"description" varchar(300) NULL,
	"metamodelpath" varchar(1000) NULL,
	"token" varchar(50) NULL,
	"prefix" varchar(3) NULL,
	"findobjectreference" varchar(200) NULL,
	"findmember" varchar(200) NULL,
	"changeddate" timestamp NULL,
	"tokentype" varchar(9) NULL,
	"suffix" varchar(3) NULL,
	"findmemberreference" varchar(200) NULL,
	"createddate" timestamp NULL,
	"isoptional" bool NULL,
	"combinedtoken" varchar(56) NULL,
	"system$changedby" int8 NULL,
	"system$owner" int8 NULL,
	PRIMARY KEY("id"));
CREATE INDEX "idx_mxmodelreflection$token_combinedtoken" ON "mxmodelreflection$token"
	("combinedtoken","id");
CREATE INDEX "idx_mxmodelreflection$token_system$changedby" ON "mxmodelreflection$token"
	("system$changedby","id");
CREATE INDEX "idx_mxmodelreflection$token_system$owner" ON "mxmodelreflection$token"
	("system$owner","id");
INSERT INTO "mendixsystem$entity" ("id", 
"entity_name", 
"table_name")
 VALUES ('feb41777-b666-4081-b848-6446205d50d1', 
'MxModelReflection.Token', 
'mxmodelreflection$token');
INSERT INTO "mendixsystem$attribute" ("id", 
"entity_id", 
"attribute_name", 
"column_name", 
"type", 
"length", 
"default_value", 
"is_auto_number")
 VALUES ('27281422-2102-4ab8-a468-15e85b34854c', 
'feb41777-b666-4081-b848-6446205d50d1', 
'Status', 
'status', 
40, 
7, 
'Invalid', 
FALSE);
INSERT INTO "mendixsystem$attribute" ("id", 
"entity_id", 
"attribute_name", 
"column_name", 
"type", 
"length", 
"default_value", 
"is_auto_number")
 VALUES ('f7054621-e299-472e-b2cd-1891b2a10422', 
'feb41777-b666-4081-b848-6446205d50d1', 
'FindReference', 
'findreference', 
30, 
200, 
'', 
FALSE);
INSERT INTO "mendixsystem$attribute" ("id", 
"entity_id", 
"attribute_name", 
"column_name", 
"type", 
"length", 
"default_value", 
"is_auto_number")
 VALUES ('4eec30cf-b061-4ac5-a74a-4ebb6602e903', 
'feb41777-b666-4081-b848-6446205d50d1', 
'FindObjectStart', 
'findobjectstart', 
30, 
200, 
'', 
FALSE);
INSERT INTO "mendixsystem$attribute" ("id", 
"entity_id", 
"attribute_name", 
"column_name", 
"type", 
"length", 
"default_value", 
"is_auto_number")
 VALUES ('e8fcf139-e1ea-48a6-a86c-76631cc32154', 
'feb41777-b666-4081-b848-6446205d50d1', 
'DisplayPattern', 
'displaypattern', 
30, 
50, 
'', 
FALSE);
INSERT INTO "mendixsystem$attribute" ("id", 
"entity_id", 
"attribute_name", 
"column_name", 
"type", 
"length", 
"default_value", 
"is_auto_number")
 VALUES ('1e6d2223-869d-4570-bbb6-a029041ccf80', 
'feb41777-b666-4081-b848-6446205d50d1', 
'Description', 
'description', 
30, 
300, 
'', 
FALSE);
INSERT INTO "mendixsystem$attribute" ("id", 
"entity_id", 
"attribute_name", 
"column_name", 
"type", 
"length", 
"default_value", 
"is_auto_number")
 VALUES ('6818a284-3cde-4f97-951d-aa637e8356c0', 
'feb41777-b666-4081-b848-6446205d50d1', 
'MetaModelPath', 
'metamodelpath', 
30, 
1000, 
'', 
FALSE);
INSERT INTO "mendixsystem$attribute" ("id", 
"entity_id", 
"attribute_name", 
"column_name", 
"type", 
"length", 
"default_value", 
"is_auto_number")
 VALUES ('36dc3b41-4748-4838-9077-9dd67e7c0327', 
'feb41777-b666-4081-b848-6446205d50d1', 
'Token', 
'token', 
30, 
50, 
'', 
FALSE);
INSERT INTO "mendixsystem$attribute" ("id", 
"entity_id", 
"attribute_name", 
"column_name", 
"type", 
"length", 
"default_value", 
"is_auto_number")
 VALUES ('6f95f267-66a1-4619-8379-b00447ea2762', 
'feb41777-b666-4081-b848-6446205d50d1', 
'Prefix', 
'prefix', 
30, 
3, 
'{%', 
FALSE);
INSERT INTO "mendixsystem$attribute" ("id", 
"entity_id", 
"attribute_name", 
"column_name", 
"type", 
"length", 
"default_value", 
"is_auto_number")
 VALUES ('ac21a4bd-4768-4b49-9c1e-76010ff6d2c5', 
'feb41777-b666-4081-b848-6446205d50d1', 
'FindObjectReference', 
'findobjectreference', 
30, 
200, 
'', 
FALSE);
INSERT INTO "mendixsystem$attribute" ("id", 
"entity_id", 
"attribute_name", 
"column_name", 
"type", 
"length", 
"default_value", 
"is_auto_number")
 VALUES ('1a91966a-7785-4c72-819e-082672329a89', 
'feb41777-b666-4081-b848-6446205d50d1', 
'FindMember', 
'findmember', 
30, 
200, 
'', 
FALSE);
INSERT INTO "mendixsystem$attribute" ("id", 
"entity_id", 
"attribute_name", 
"column_name", 
"type", 
"length", 
"default_value", 
"is_auto_number")
 VALUES ('d344a6e2-0b49-3dbb-a295-3e2bc7113b5e', 
'feb41777-b666-4081-b848-6446205d50d1', 
'changedDate', 
'changeddate', 
20, 
0, 
'', 
FALSE);
INSERT INTO "mendixsystem$attribute" ("id", 
"entity_id", 
"attribute_name", 
"column_name", 
"type", 
"length", 
"default_value", 
"is_auto_number")
 VALUES ('479096aa-0bd7-41e4-90d3-effb1dd6a29c', 
'feb41777-b666-4081-b848-6446205d50d1', 
'TokenType', 
'tokentype', 
40, 
9, 
'', 
FALSE);
INSERT INTO "mendixsystem$attribute" ("id", 
"entity_id", 
"attribute_name", 
"column_name", 
"type", 
"length", 
"default_value", 
"is_auto_number")
 VALUES ('281ba796-03cc-49e9-91b0-823b7314039b', 
'feb41777-b666-4081-b848-6446205d50d1', 
'Suffix', 
'suffix', 
30, 
3, 
'%}', 
FALSE);
INSERT INTO "mendixsystem$attribute" ("id", 
"entity_id", 
"attribute_name", 
"column_name", 
"type", 
"length", 
"default_value", 
"is_auto_number")
 VALUES ('b2e1d3b9-dc9f-4e0c-8cf1-35868af665d1', 
'feb41777-b666-4081-b848-6446205d50d1', 
'FindMemberReference', 
'findmemberreference', 
30, 
200, 
'', 
FALSE);
INSERT INTO "mendixsystem$attribute" ("id", 
"entity_id", 
"attribute_name", 
"column_name", 
"type", 
"length", 
"default_value", 
"is_auto_number")
 VALUES ('fe3f5b92-98fd-3511-8277-2b0dea4900f0', 
'feb41777-b666-4081-b848-6446205d50d1', 
'createdDate', 
'createddate', 
20, 
0, 
'', 
FALSE);
INSERT INTO "mendixsystem$attribute" ("id", 
"entity_id", 
"attribute_name", 
"column_name", 
"type", 
"length", 
"default_value", 
"is_auto_number")
 VALUES ('fe079b07-5755-4f52-95a9-3ad129c7ffde', 
'feb41777-b666-4081-b848-6446205d50d1', 
'IsOptional', 
'isoptional', 
10, 
0, 
'false', 
FALSE);
INSERT INTO "mendixsystem$attribute" ("id", 
"entity_id", 
"attribute_name", 
"column_name", 
"type", 
"length", 
"default_value", 
"is_auto_number")
 VALUES ('9e8a8b22-f449-498f-abbe-396f09aece45', 
'feb41777-b666-4081-b848-6446205d50d1', 
'CombinedToken', 
'combinedtoken', 
30, 
56, 
'', 
FALSE);
INSERT INTO "mendixsystem$index" ("id", 
"table_id", 
"index_name")
 VALUES ('b1b401df-ac44-4565-9c61-c5060a18c127', 
'feb41777-b666-4081-b848-6446205d50d1', 
'idx_mxmodelreflection$token_combinedtoken');
INSERT INTO "mendixsystem$index_column" ("index_id", 
"column_id", 
"sort_order", 
"ordinal")
 VALUES ('b1b401df-ac44-4565-9c61-c5060a18c127', 
'9e8a8b22-f449-498f-abbe-396f09aece45', 
FALSE, 
0);
INSERT INTO "mendixsystem$index" ("id", 
"table_id", 
"index_name")
 VALUES ('4793f0cc-01b4-3e7f-870e-e7cfac4c6485', 
'feb41777-b666-4081-b848-6446205d50d1', 
'idx_mxmodelreflection$token_system$changedby');
INSERT INTO "mendixsystem$index_column" ("index_id", 
"column_id", 
"sort_order", 
"ordinal")
 VALUES ('4793f0cc-01b4-3e7f-870e-e7cfac4c6485', 
'211c445d-c809-36dc-b062-030f49010e53', 
FALSE, 
0);
INSERT INTO "mendixsystem$index" ("id", 
"table_id", 
"index_name")
 VALUES ('35c423ca-d881-3100-b407-db242ce2c552', 
'feb41777-b666-4081-b848-6446205d50d1', 
'idx_mxmodelreflection$token_system$owner');
INSERT INTO "mendixsystem$index_column" ("index_id", 
"column_id", 
"sort_order", 
"ordinal")
 VALUES ('35c423ca-d881-3100-b407-db242ce2c552', 
'be98567f-510f-3473-bebc-0278368668ff', 
FALSE, 
0);
INSERT INTO "mendixsystem$association" ("id", 
"association_name", 
"table_name", 
"parent_entity_id", 
"child_entity_id", 
"parent_column_name", 
"child_column_name")
 VALUES ('211c445d-c809-36dc-b062-030f49010e53', 
'System.changedBy', 
'system$changedby', 
'feb41777-b666-4081-b848-6446205d50d1', 
'282e2e60-88a5-469d-84a5-ba8d9151644f', 
'id', 
'system$changedby');
INSERT INTO "mendixsystem$association" ("id", 
"association_name", 
"table_name", 
"parent_entity_id", 
"child_entity_id", 
"parent_column_name", 
"child_column_name")
 VALUES ('be98567f-510f-3473-bebc-0278368668ff', 
'System.owner', 
'system$owner', 
'feb41777-b666-4081-b848-6446205d50d1', 
'282e2e60-88a5-469d-84a5-ba8d9151644f', 
'id', 
'system$owner');
CREATE TABLE "mxmodelreflection$token_mxobjectmember" (
	"mxmodelreflection$tokenid" int8 NOT NULL,
	"mxmodelreflection$mxobjectmemberid" int8 NOT NULL,
	PRIMARY KEY("mxmodelreflection$tokenid","mxmodelreflection$mxobjectmemberid"));
CREATE INDEX "idx_mxmodelreflection$token_mxobjectmember" ON "mxmodelreflection$token_mxobjectmember"
	("mxmodelreflection$mxobjectmemberid","mxmodelreflection$tokenid");
INSERT INTO "mendixsystem$association" ("id", 
"association_name", 
"table_name", 
"parent_entity_id", 
"child_entity_id", 
"parent_column_name", 
"child_column_name", 
"index_name")
 VALUES ('648efe77-034b-493b-8f6f-d83aac79b0a4', 
'MxModelReflection.Token_MxObjectMember', 
'mxmodelreflection$token_mxobjectmember', 
'feb41777-b666-4081-b848-6446205d50d1', 
'6fb977a3-209e-4c93-bc39-990646eefc89', 
'mxmodelreflection$tokenid', 
'mxmodelreflection$mxobjectmemberid', 
'idx_mxmodelreflection$token_mxobjectmember');
CREATE TABLE "mxmodelreflection$token_mxobjectreference" (
	"mxmodelreflection$tokenid" int8 NOT NULL,
	"mxmodelreflection$mxobjectreferenceid" int8 NOT NULL,
	PRIMARY KEY("mxmodelreflection$tokenid","mxmodelreflection$mxobjectreferenceid"));
CREATE INDEX "idx_mxmodelreflection$token_mxobjectreference" ON "mxmodelreflection$token_mxobjectreference"
	("mxmodelreflection$mxobjectreferenceid","mxmodelreflection$tokenid");
INSERT INTO "mendixsystem$association" ("id", 
"association_name", 
"table_name", 
"parent_entity_id", 
"child_entity_id", 
"parent_column_name", 
"child_column_name", 
"index_name")
 VALUES ('d4619794-fa41-4848-b59e-b32cbc7df2d0', 
'MxModelReflection.Token_MxObjectReference', 
'mxmodelreflection$token_mxobjectreference', 
'feb41777-b666-4081-b848-6446205d50d1', 
'7080ebd6-344c-479c-9731-09a3facf9f1a', 
'mxmodelreflection$tokenid', 
'mxmodelreflection$mxobjectreferenceid', 
'idx_mxmodelreflection$token_mxobjectreference');
CREATE TABLE "mxmodelreflection$token_mxobjecttype_start" (
	"mxmodelreflection$tokenid" int8 NOT NULL,
	"mxmodelreflection$mxobjecttypeid" int8 NOT NULL,
	PRIMARY KEY("mxmodelreflection$tokenid","mxmodelreflection$mxobjecttypeid"));
CREATE INDEX "idx_mxmodelreflection$token_mxobjecttype_start" ON "mxmodelreflection$token_mxobjecttype_start"
	("mxmodelreflection$mxobjecttypeid","mxmodelreflection$tokenid");
INSERT INTO "mendixsystem$association" ("id", 
"association_name", 
"table_name", 
"parent_entity_id", 
"child_entity_id", 
"parent_column_name", 
"child_column_name", 
"index_name")
 VALUES ('74371193-2a5c-421e-9ccd-f8edb6aee48c', 
'MxModelReflection.Token_MxObjectType_Start', 
'mxmodelreflection$token_mxobjecttype_start', 
'feb41777-b666-4081-b848-6446205d50d1', 
'c4616082-6912-4943-9a50-b46af1ebaa6a', 
'mxmodelreflection$tokenid', 
'mxmodelreflection$mxobjecttypeid', 
'idx_mxmodelreflection$token_mxobjecttype_start');
CREATE TABLE "mxmodelreflection$token_mxobjecttype_referenced" (
	"mxmodelreflection$tokenid" int8 NOT NULL,
	"mxmodelreflection$mxobjecttypeid" int8 NOT NULL,
	PRIMARY KEY("mxmodelreflection$tokenid","mxmodelreflection$mxobjecttypeid"));
CREATE INDEX "idx_mxmodelreflection$token_mxobjecttype_referenced" ON "mxmodelreflection$token_mxobjecttype_referenced"
	("mxmodelreflection$mxobjecttypeid","mxmodelreflection$tokenid");
INSERT INTO "mendixsystem$association" ("id", 
"association_name", 
"table_name", 
"parent_entity_id", 
"child_entity_id", 
"parent_column_name", 
"child_column_name", 
"index_name")
 VALUES ('77b3c0f1-88c1-4ee1-be54-62827b5d369f', 
'MxModelReflection.Token_MxObjectType_Referenced', 
'mxmodelreflection$token_mxobjecttype_referenced', 
'feb41777-b666-4081-b848-6446205d50d1', 
'c4616082-6912-4943-9a50-b46af1ebaa6a', 
'mxmodelreflection$tokenid', 
'mxmodelreflection$mxobjecttypeid', 
'idx_mxmodelreflection$token_mxobjecttype_referenced');
CREATE TABLE "mxmodelreflection$mxobjectenumcaptions" (
	"id" int8 NOT NULL,
	"languagecode" varchar(8) NULL,
	"changeddate" timestamp NULL,
	"createddate" timestamp NULL,
	"languagename" varchar(200) NULL,
	"caption" varchar(200) NULL,
	"system$owner" int8 NULL,
	"system$changedby" int8 NULL,
	PRIMARY KEY("id"));
CREATE INDEX "idx_mxmodelreflection$mxobjectenumcaptions_system$owner" ON "mxmodelreflection$mxobjectenumcaptions"
	("system$owner","id");
CREATE INDEX "idx_mxmodelreflection$mxobjectenumcaptions_system$changedby" ON "mxmodelreflection$mxobjectenumcaptions"
	("system$changedby","id");
INSERT INTO "mendixsystem$entity" ("id", 
"entity_name", 
"table_name")
 VALUES ('b618413a-b9ed-48a1-886e-fa5969e0af7c', 
'MxModelReflection.MxObjectEnumCaptions', 
'mxmodelreflection$mxobjectenumcaptions');
INSERT INTO "mendixsystem$attribute" ("id", 
"entity_id", 
"attribute_name", 
"column_name", 
"type", 
"length", 
"default_value", 
"is_auto_number")
 VALUES ('05e46d62-4e9a-4921-a64e-107ccd1d869d', 
'b618413a-b9ed-48a1-886e-fa5969e0af7c', 
'LanguageCode', 
'languagecode', 
30, 
8, 
'', 
FALSE);
INSERT INTO "mendixsystem$attribute" ("id", 
"entity_id", 
"attribute_name", 
"column_name", 
"type", 
"length", 
"default_value", 
"is_auto_number")
 VALUES ('317beacd-3b10-36e7-a61a-6c7d500d41b4', 
'b618413a-b9ed-48a1-886e-fa5969e0af7c', 
'changedDate', 
'changeddate', 
20, 
0, 
'', 
FALSE);
INSERT INTO "mendixsystem$attribute" ("id", 
"entity_id", 
"attribute_name", 
"column_name", 
"type", 
"length", 
"default_value", 
"is_auto_number")
 VALUES ('fe140fc8-675a-31ee-836b-607644abe827', 
'b618413a-b9ed-48a1-886e-fa5969e0af7c', 
'createdDate', 
'createddate', 
20, 
0, 
'', 
FALSE);
INSERT INTO "mendixsystem$attribute" ("id", 
"entity_id", 
"attribute_name", 
"column_name", 
"type", 
"length", 
"default_value", 
"is_auto_number")
 VALUES ('e26a21aa-9b37-4758-aea8-465b006d448b', 
'b618413a-b9ed-48a1-886e-fa5969e0af7c', 
'LanguageName', 
'languagename', 
30, 
200, 
'', 
FALSE);
INSERT INTO "mendixsystem$attribute" ("id", 
"entity_id", 
"attribute_name", 
"column_name", 
"type", 
"length", 
"default_value", 
"is_auto_number")
 VALUES ('feca7155-eafd-487f-b7b5-4b6b8911e39a', 
'b618413a-b9ed-48a1-886e-fa5969e0af7c', 
'Caption', 
'caption', 
30, 
200, 
'', 
FALSE);
INSERT INTO "mendixsystem$index" ("id", 
"table_id", 
"index_name")
 VALUES ('179dc84b-f67b-3b7d-8229-a090c65b53a7', 
'b618413a-b9ed-48a1-886e-fa5969e0af7c', 
'idx_mxmodelreflection$mxobjectenumcaptions_system$owner');
INSERT INTO "mendixsystem$index_column" ("index_id", 
"column_id", 
"sort_order", 
"ordinal")
 VALUES ('179dc84b-f67b-3b7d-8229-a090c65b53a7', 
'924159ba-8ad5-3d75-9970-11461ad10878', 
FALSE, 
0);
INSERT INTO "mendixsystem$index" ("id", 
"table_id", 
"index_name")
 VALUES ('6f8b150b-455d-3f64-b5c9-23fa7aa5cd5e', 
'b618413a-b9ed-48a1-886e-fa5969e0af7c', 
'idx_mxmodelreflection$mxobjectenumcaptions_system$changedby');
INSERT INTO "mendixsystem$index_column" ("index_id", 
"column_id", 
"sort_order", 
"ordinal")
 VALUES ('6f8b150b-455d-3f64-b5c9-23fa7aa5cd5e', 
'b152ccbe-ae29-32df-87dc-08e142f893ff', 
FALSE, 
0);
INSERT INTO "mendixsystem$association" ("id", 
"association_name", 
"table_name", 
"parent_entity_id", 
"child_entity_id", 
"parent_column_name", 
"child_column_name")
 VALUES ('924159ba-8ad5-3d75-9970-11461ad10878', 
'System.owner', 
'system$owner', 
'b618413a-b9ed-48a1-886e-fa5969e0af7c', 
'282e2e60-88a5-469d-84a5-ba8d9151644f', 
'id', 
'system$owner');
INSERT INTO "mendixsystem$association" ("id", 
"association_name", 
"table_name", 
"parent_entity_id", 
"child_entity_id", 
"parent_column_name", 
"child_column_name")
 VALUES ('b152ccbe-ae29-32df-87dc-08e142f893ff', 
'System.changedBy', 
'system$changedby', 
'b618413a-b9ed-48a1-886e-fa5969e0af7c', 
'282e2e60-88a5-469d-84a5-ba8d9151644f', 
'id', 
'system$changedby');
CREATE TABLE "mxmodelreflection$module" (
	"id" int8 NOT NULL,
	"synchronizeobjectswithinmodule" bool NULL,
	"modulename" varchar(200) NULL,
	PRIMARY KEY("id"));
INSERT INTO "mendixsystem$entity" ("id", 
"entity_name", 
"table_name")
 VALUES ('a0818ee4-e99e-43b8-ab2e-97f21f6a6119', 
'MxModelReflection.Module', 
'mxmodelreflection$module');
INSERT INTO "mendixsystem$attribute" ("id", 
"entity_id", 
"attribute_name", 
"column_name", 
"type", 
"length", 
"default_value", 
"is_auto_number")
 VALUES ('141a61df-b92b-45bd-ace3-3653995ab27e', 
'a0818ee4-e99e-43b8-ab2e-97f21f6a6119', 
'SynchronizeObjectsWithinModule', 
'synchronizeobjectswithinmodule', 
10, 
0, 
'false', 
FALSE);
INSERT INTO "mendixsystem$attribute" ("id", 
"entity_id", 
"attribute_name", 
"column_name", 
"type", 
"length", 
"default_value", 
"is_auto_number")
 VALUES ('3d0ab9df-ab7b-4140-aaa1-acd3f4a375c2', 
'a0818ee4-e99e-43b8-ab2e-97f21f6a6119', 
'ModuleName', 
'modulename', 
30, 
200, 
'', 
FALSE);
CREATE TABLE "excelimporter$xmldocumenttemplate" (
	"id" int8 NOT NULL,
	PRIMARY KEY("id"));
INSERT INTO "mendixsystem$entity" ("id", 
"entity_name", 
"table_name", 
"superentity_id")
 VALUES ('6038ca20-afb3-41db-ac17-e3c5b2b7ac45', 
'ExcelImporter.XMLDocumentTemplate', 
'excelimporter$xmldocumenttemplate', 
'170ce49d-f29c-4fac-99a6-b55e8a3aeb39');
CREATE TABLE "excelimporter$xmldocumenttemplate_template" (
	"excelimporter$xmldocumenttemplateid" int8 NOT NULL,
	"excelimporter$templateid" int8 NOT NULL,
	PRIMARY KEY("excelimporter$xmldocumenttemplateid","excelimporter$templateid"));
CREATE INDEX "idx_excelimporter$xmldocumenttemplate_template" ON "excelimporter$xmldocumenttemplate_template"
	("excelimporter$templateid","excelimporter$xmldocumenttemplateid");
INSERT INTO "mendixsystem$association" ("id", 
"association_name", 
"table_name", 
"parent_entity_id", 
"child_entity_id", 
"parent_column_name", 
"child_column_name", 
"index_name")
 VALUES ('e698646d-3f6a-47f9-b409-854d9d0dafc6', 
'ExcelImporter.XMLDocumentTemplate_Template', 
'excelimporter$xmldocumenttemplate_template', 
'6038ca20-afb3-41db-ac17-e3c5b2b7ac45', 
'b28f5fce-aceb-46e1-bf11-c28e33bc7c58', 
'excelimporter$xmldocumenttemplateid', 
'excelimporter$templateid', 
'idx_excelimporter$xmldocumenttemplate_template');
CREATE TABLE "excelimporter$template" (
	"id" int8 NOT NULL,
	"sheetindex" int4 NULL,
	"status" varchar(7) NULL,
	"firstdatarownumber" int4 NULL,
	"changeddate" timestamp NULL,
	"description" varchar NULL,
	"createddate" timestamp NULL,
	"nr" int8 NULL,
	"headerrownumber" int4 NULL,
	"importaction" varchar(23) NULL,
	"title" varchar(50) NULL,
	"templatetype" varchar(6) NULL,
	"system$owner" int8 NULL,
	"system$changedby" int8 NULL,
	PRIMARY KEY("id"));
CREATE SEQUENCE "excelimporter$template_nr_mxseq";
CREATE INDEX "idx_excelimporter$template_system$owner" ON "excelimporter$template"
	("system$owner","id");
CREATE INDEX "idx_excelimporter$template_system$changedby" ON "excelimporter$template"
	("system$changedby","id");
INSERT INTO "mendixsystem$entity" ("id", 
"entity_name", 
"table_name")
 VALUES ('b28f5fce-aceb-46e1-bf11-c28e33bc7c58', 
'ExcelImporter.Template', 
'excelimporter$template');
INSERT INTO "mendixsystem$attribute" ("id", 
"entity_id", 
"attribute_name", 
"column_name", 
"type", 
"length", 
"default_value", 
"is_auto_number")
 VALUES ('867ab850-fb12-4a0a-a549-c70885a890a4', 
'b28f5fce-aceb-46e1-bf11-c28e33bc7c58', 
'SheetIndex', 
'sheetindex', 
3, 
0, 
'1', 
FALSE);
INSERT INTO "mendixsystem$attribute" ("id", 
"entity_id", 
"attribute_name", 
"column_name", 
"type", 
"length", 
"default_value", 
"is_auto_number")
 VALUES ('752f2754-e412-448f-93f0-2efad7ef63b6', 
'b28f5fce-aceb-46e1-bf11-c28e33bc7c58', 
'Status', 
'status', 
40, 
7, 
'INFO', 
FALSE);
INSERT INTO "mendixsystem$attribute" ("id", 
"entity_id", 
"attribute_name", 
"column_name", 
"type", 
"length", 
"default_value", 
"is_auto_number")
 VALUES ('b32bc95e-f60b-4b91-8093-dd1a7907b235', 
'b28f5fce-aceb-46e1-bf11-c28e33bc7c58', 
'FirstDataRowNumber', 
'firstdatarownumber', 
3, 
0, 
'2', 
FALSE);
INSERT INTO "mendixsystem$attribute" ("id", 
"entity_id", 
"attribute_name", 
"column_name", 
"type", 
"length", 
"default_value", 
"is_auto_number")
 VALUES ('b13cb979-9505-3268-899e-aa5978076188', 
'b28f5fce-aceb-46e1-bf11-c28e33bc7c58', 
'changedDate', 
'changeddate', 
20, 
0, 
'', 
FALSE);
INSERT INTO "mendixsystem$attribute" ("id", 
"entity_id", 
"attribute_name", 
"column_name", 
"type", 
"length", 
"default_value", 
"is_auto_number")
 VALUES ('2c388d3c-225c-42ed-8335-458d188b84aa', 
'b28f5fce-aceb-46e1-bf11-c28e33bc7c58', 
'Description', 
'description', 
30, 
0, 
'', 
FALSE);
INSERT INTO "mendixsystem$attribute" ("id", 
"entity_id", 
"attribute_name", 
"column_name", 
"type", 
"length", 
"default_value", 
"is_auto_number")
 VALUES ('eee31f9d-7c73-3b21-8263-3aa2f5e91ed4', 
'b28f5fce-aceb-46e1-bf11-c28e33bc7c58', 
'createdDate', 
'createddate', 
20, 
0, 
'', 
FALSE);
INSERT INTO "mendixsystem$attribute" ("id", 
"entity_id", 
"attribute_name", 
"column_name", 
"type", 
"length", 
"default_value", 
"is_auto_number")
 VALUES ('1871d402-cf10-4839-9221-f17560e686be', 
'b28f5fce-aceb-46e1-bf11-c28e33bc7c58', 
'Nr', 
'nr', 
0, 
0, 
'1', 
TRUE);
INSERT INTO "mendixsystem$sequence" ("attribute_id", 
"name", 
"start_value", 
"current_value")
 VALUES ('1871d402-cf10-4839-9221-f17560e686be', 
'excelimporter$template_nr_mxseq', 
1, 
0);
INSERT INTO "mendixsystem$attribute" ("id", 
"entity_id", 
"attribute_name", 
"column_name", 
"type", 
"length", 
"default_value", 
"is_auto_number")
 VALUES ('6f33d927-f65f-4b07-af54-7d8f1b50cc93', 
'b28f5fce-aceb-46e1-bf11-c28e33bc7c58', 
'HeaderRowNumber', 
'headerrownumber', 
3, 
0, 
'1', 
FALSE);
INSERT INTO "mendixsystem$attribute" ("id", 
"entity_id", 
"attribute_name", 
"column_name", 
"type", 
"length", 
"default_value", 
"is_auto_number")
 VALUES ('cd343dc4-325b-4d3d-add9-6c7e38e43868', 
'b28f5fce-aceb-46e1-bf11-c28e33bc7c58', 
'ImportAction', 
'importaction', 
40, 
23, 
'SynchronizeObjects', 
FALSE);
INSERT INTO "mendixsystem$attribute" ("id", 
"entity_id", 
"attribute_name", 
"column_name", 
"type", 
"length", 
"default_value", 
"is_auto_number")
 VALUES ('b6577f38-02a4-4cd2-bb46-8fdfd5ac51b1', 
'b28f5fce-aceb-46e1-bf11-c28e33bc7c58', 
'Title', 
'title', 
30, 
50, 
'', 
FALSE);
INSERT INTO "mendixsystem$attribute" ("id", 
"entity_id", 
"attribute_name", 
"column_name", 
"type", 
"length", 
"default_value", 
"is_auto_number")
 VALUES ('dbf36a33-0860-4c1f-b346-565f7ed61e15', 
'b28f5fce-aceb-46e1-bf11-c28e33bc7c58', 
'TemplateType', 
'templatetype', 
40, 
6, 
'Normal', 
FALSE);
INSERT INTO "mendixsystem$index" ("id", 
"table_id", 
"index_name")
 VALUES ('99575b0a-c447-3125-a157-4ca06cef36c8', 
'b28f5fce-aceb-46e1-bf11-c28e33bc7c58', 
'idx_excelimporter$template_system$owner');
INSERT INTO "mendixsystem$index_column" ("index_id", 
"column_id", 
"sort_order", 
"ordinal")
 VALUES ('99575b0a-c447-3125-a157-4ca06cef36c8', 
'e428708d-0d8d-3830-8602-0b1a6e5b20e0', 
FALSE, 
0);
INSERT INTO "mendixsystem$index" ("id", 
"table_id", 
"index_name")
 VALUES ('075c4e20-dc20-3b55-a0be-9a5c32ae7ac0', 
'b28f5fce-aceb-46e1-bf11-c28e33bc7c58', 
'idx_excelimporter$template_system$changedby');
INSERT INTO "mendixsystem$index_column" ("index_id", 
"column_id", 
"sort_order", 
"ordinal")
 VALUES ('075c4e20-dc20-3b55-a0be-9a5c32ae7ac0', 
'38f535a0-b984-3b47-9ff3-37804fb5f5b7', 
FALSE, 
0);
INSERT INTO "mendixsystem$association" ("id", 
"association_name", 
"table_name", 
"parent_entity_id", 
"child_entity_id", 
"parent_column_name", 
"child_column_name")
 VALUES ('e428708d-0d8d-3830-8602-0b1a6e5b20e0', 
'System.owner', 
'system$owner', 
'b28f5fce-aceb-46e1-bf11-c28e33bc7c58', 
'282e2e60-88a5-469d-84a5-ba8d9151644f', 
'id', 
'system$owner');
INSERT INTO "mendixsystem$association" ("id", 
"association_name", 
"table_name", 
"parent_entity_id", 
"child_entity_id", 
"parent_column_name", 
"child_column_name")
 VALUES ('38f535a0-b984-3b47-9ff3-37804fb5f5b7', 
'System.changedBy', 
'system$changedby', 
'b28f5fce-aceb-46e1-bf11-c28e33bc7c58', 
'282e2e60-88a5-469d-84a5-ba8d9151644f', 
'id', 
'system$changedby');
CREATE TABLE "excelimporter$template_mastertemplate" (
	"excelimporter$templateid1" int8 NOT NULL,
	"excelimporter$templateid2" int8 NOT NULL,
	PRIMARY KEY("excelimporter$templateid1","excelimporter$templateid2"));
CREATE INDEX "idx_excelimporter$template_mastertemplate" ON "excelimporter$template_mastertemplate"
	("excelimporter$templateid2","excelimporter$templateid1");
INSERT INTO "mendixsystem$association" ("id", 
"association_name", 
"table_name", 
"parent_entity_id", 
"child_entity_id", 
"parent_column_name", 
"child_column_name", 
"index_name")
 VALUES ('ab656b32-eba1-4be7-98a5-ada67075da84', 
'ExcelImporter.Template_MasterTemplate', 
'excelimporter$template_mastertemplate', 
'b28f5fce-aceb-46e1-bf11-c28e33bc7c58', 
'b28f5fce-aceb-46e1-bf11-c28e33bc7c58', 
'excelimporter$templateid1', 
'excelimporter$templateid2', 
'idx_excelimporter$template_mastertemplate');
CREATE TABLE "excelimporter$template_additionalproperties" (
	"excelimporter$templateid" int8 NOT NULL,
	"excelimporter$additionalpropertiesid" int8 NOT NULL,
	PRIMARY KEY("excelimporter$templateid","excelimporter$additionalpropertiesid"));
CREATE INDEX "idx_excelimporter$template_additionalproperties" ON "excelimporter$template_additionalproperties"
	("excelimporter$additionalpropertiesid","excelimporter$templateid");
INSERT INTO "mendixsystem$association" ("id", 
"association_name", 
"table_name", 
"parent_entity_id", 
"child_entity_id", 
"parent_column_name", 
"child_column_name", 
"index_name")
 VALUES ('da122363-fb46-4028-8401-206524bf4124', 
'ExcelImporter.Template_AdditionalProperties', 
'excelimporter$template_additionalproperties', 
'b28f5fce-aceb-46e1-bf11-c28e33bc7c58', 
'e47402e2-d97a-47af-ab50-f94f1e3f1285', 
'excelimporter$templateid', 
'excelimporter$additionalpropertiesid', 
'idx_excelimporter$template_additionalproperties');
CREATE TABLE "excelimporter$template_mxobjecttype" (
	"excelimporter$templateid" int8 NOT NULL,
	"mxmodelreflection$mxobjecttypeid" int8 NOT NULL,
	PRIMARY KEY("excelimporter$templateid","mxmodelreflection$mxobjecttypeid"));
CREATE INDEX "idx_excelimporter$template_mxobjecttype" ON "excelimporter$template_mxobjecttype"
	("mxmodelreflection$mxobjecttypeid","excelimporter$templateid");
INSERT INTO "mendixsystem$association" ("id", 
"association_name", 
"table_name", 
"parent_entity_id", 
"child_entity_id", 
"parent_column_name", 
"child_column_name", 
"index_name")
 VALUES ('d6f628a5-7bbd-41b0-a37a-4609aacd9543', 
'ExcelImporter.Template_MxObjectType', 
'excelimporter$template_mxobjecttype', 
'b28f5fce-aceb-46e1-bf11-c28e33bc7c58', 
'c4616082-6912-4943-9a50-b46af1ebaa6a', 
'excelimporter$templateid', 
'mxmodelreflection$mxobjecttypeid', 
'idx_excelimporter$template_mxobjecttype');
CREATE TABLE "excelimporter$template_mxobjectreference_parentassociation" (
	"excelimporter$templateid" int8 NOT NULL,
	"mxmodelreflection$mxobjectreferenceid" int8 NOT NULL,
	PRIMARY KEY("excelimporter$templateid","mxmodelreflection$mxobjectreferenceid"));
CREATE INDEX "idx_excelimporter$template_mxobjectreference_parentassociation" ON "excelimporter$template_mxobjectreference_parentassociation"
	("mxmodelreflection$mxobjectreferenceid","excelimporter$templateid");
INSERT INTO "mendixsystem$association" ("id", 
"association_name", 
"table_name", 
"parent_entity_id", 
"child_entity_id", 
"parent_column_name", 
"child_column_name", 
"index_name")
 VALUES ('daf5d087-8e70-41ae-a092-449215286a19', 
'ExcelImporter.Template_MxObjectReference_ParentAssociation', 
'excelimporter$template_mxobjectreference_parentassociation', 
'b28f5fce-aceb-46e1-bf11-c28e33bc7c58', 
'7080ebd6-344c-479c-9731-09a3facf9f1a', 
'excelimporter$templateid', 
'mxmodelreflection$mxobjectreferenceid', 
'idx_excelimporter$template_mxobjectreference_parentassociation');
CREATE TABLE "excelimporter$referencehandling" (
	"id" int8 NOT NULL,
	"changeddate" timestamp NULL,
	"ignoreemptykeys" bool NULL,
	"createddate" timestamp NULL,
	"datahandling" varchar(9) NULL,
	"printnotfoundmessages" bool NULL,
	"commitunchangedobjects" bool NULL,
	"handling" varchar(20) NULL,
	"system$owner" int8 NULL,
	"system$changedby" int8 NULL,
	PRIMARY KEY("id"));
CREATE INDEX "idx_excelimporter$referencehandling_system$owner" ON "excelimporter$referencehandling"
	("system$owner","id");
CREATE INDEX "idx_excelimporter$referencehandling_system$changedby" ON "excelimporter$referencehandling"
	("system$changedby","id");
INSERT INTO "mendixsystem$entity" ("id", 
"entity_name", 
"table_name")
 VALUES ('1c340567-0364-4348-916a-d0ab7309e553', 
'ExcelImporter.ReferenceHandling', 
'excelimporter$referencehandling');
INSERT INTO "mendixsystem$attribute" ("id", 
"entity_id", 
"attribute_name", 
"column_name", 
"type", 
"length", 
"default_value", 
"is_auto_number")
 VALUES ('87bc2ea2-42cf-369d-a044-88778c3ca21f', 
'1c340567-0364-4348-916a-d0ab7309e553', 
'changedDate', 
'changeddate', 
20, 
0, 
'', 
FALSE);
INSERT INTO "mendixsystem$attribute" ("id", 
"entity_id", 
"attribute_name", 
"column_name", 
"type", 
"length", 
"default_value", 
"is_auto_number")
 VALUES ('fea3b012-21a4-43da-8d36-a0979e4c6f7c', 
'1c340567-0364-4348-916a-d0ab7309e553', 
'IgnoreEmptyKeys', 
'ignoreemptykeys', 
10, 
0, 
'true', 
FALSE);
INSERT INTO "mendixsystem$attribute" ("id", 
"entity_id", 
"attribute_name", 
"column_name", 
"type", 
"length", 
"default_value", 
"is_auto_number")
 VALUES ('ddd480a1-e080-37bc-a596-58f483e229bb', 
'1c340567-0364-4348-916a-d0ab7309e553', 
'createdDate', 
'createddate', 
20, 
0, 
'', 
FALSE);
INSERT INTO "mendixsystem$attribute" ("id", 
"entity_id", 
"attribute_name", 
"column_name", 
"type", 
"length", 
"default_value", 
"is_auto_number")
 VALUES ('17d9624e-645e-49fd-84f7-1b44f915fcf2', 
'1c340567-0364-4348-916a-d0ab7309e553', 
'DataHandling', 
'datahandling', 
40, 
9, 
'Overwrite', 
FALSE);
INSERT INTO "mendixsystem$attribute" ("id", 
"entity_id", 
"attribute_name", 
"column_name", 
"type", 
"length", 
"default_value", 
"is_auto_number")
 VALUES ('917b4da3-8709-4110-811e-01a7cc148885', 
'1c340567-0364-4348-916a-d0ab7309e553', 
'PrintNotFoundMessages', 
'printnotfoundmessages', 
10, 
0, 
'false', 
FALSE);
INSERT INTO "mendixsystem$attribute" ("id", 
"entity_id", 
"attribute_name", 
"column_name", 
"type", 
"length", 
"default_value", 
"is_auto_number")
 VALUES ('e3a4ebdd-a82b-4e69-9413-3f1772d2a667', 
'1c340567-0364-4348-916a-d0ab7309e553', 
'CommitUnchangedObjects', 
'commitunchangedobjects', 
10, 
0, 
'true', 
FALSE);
INSERT INTO "mendixsystem$attribute" ("id", 
"entity_id", 
"attribute_name", 
"column_name", 
"type", 
"length", 
"default_value", 
"is_auto_number")
 VALUES ('e617c460-66fe-415a-ab38-01fc5917e7e0', 
'1c340567-0364-4348-916a-d0ab7309e553', 
'Handling', 
'handling', 
40, 
20, 
'FindCreate', 
FALSE);
INSERT INTO "mendixsystem$index" ("id", 
"table_id", 
"index_name")
 VALUES ('d979685b-3b12-3ea4-a138-afad6850c594', 
'1c340567-0364-4348-916a-d0ab7309e553', 
'idx_excelimporter$referencehandling_system$owner');
INSERT INTO "mendixsystem$index_column" ("index_id", 
"column_id", 
"sort_order", 
"ordinal")
 VALUES ('d979685b-3b12-3ea4-a138-afad6850c594', 
'759d29a5-96cb-3f93-b498-abc87f2998e8', 
FALSE, 
0);
INSERT INTO "mendixsystem$index" ("id", 
"table_id", 
"index_name")
 VALUES ('e86b826a-4268-3aab-b8fc-533c5901ae7a', 
'1c340567-0364-4348-916a-d0ab7309e553', 
'idx_excelimporter$referencehandling_system$changedby');
INSERT INTO "mendixsystem$index_column" ("index_id", 
"column_id", 
"sort_order", 
"ordinal")
 VALUES ('e86b826a-4268-3aab-b8fc-533c5901ae7a', 
'19f5983c-cb9d-3a57-9819-c8c3772abd34', 
FALSE, 
0);
INSERT INTO "mendixsystem$association" ("id", 
"association_name", 
"table_name", 
"parent_entity_id", 
"child_entity_id", 
"parent_column_name", 
"child_column_name")
 VALUES ('759d29a5-96cb-3f93-b498-abc87f2998e8', 
'System.owner', 
'system$owner', 
'1c340567-0364-4348-916a-d0ab7309e553', 
'282e2e60-88a5-469d-84a5-ba8d9151644f', 
'id', 
'system$owner');
INSERT INTO "mendixsystem$association" ("id", 
"association_name", 
"table_name", 
"parent_entity_id", 
"child_entity_id", 
"parent_column_name", 
"child_column_name")
 VALUES ('19f5983c-cb9d-3a57-9819-c8c3772abd34', 
'System.changedBy', 
'system$changedby', 
'1c340567-0364-4348-916a-d0ab7309e553', 
'282e2e60-88a5-469d-84a5-ba8d9151644f', 
'id', 
'system$changedby');
CREATE TABLE "excelimporter$referencehandling_template" (
	"excelimporter$referencehandlingid" int8 NOT NULL,
	"excelimporter$templateid" int8 NOT NULL,
	PRIMARY KEY("excelimporter$referencehandlingid","excelimporter$templateid"));
CREATE INDEX "idx_excelimporter$referencehandling_template" ON "excelimporter$referencehandling_template"
	("excelimporter$templateid","excelimporter$referencehandlingid");
INSERT INTO "mendixsystem$association" ("id", 
"association_name", 
"table_name", 
"parent_entity_id", 
"child_entity_id", 
"parent_column_name", 
"child_column_name", 
"index_name")
 VALUES ('21d682e1-12fa-46a4-a6e2-ffafb1d59ec8', 
'ExcelImporter.ReferenceHandling_Template', 
'excelimporter$referencehandling_template', 
'1c340567-0364-4348-916a-d0ab7309e553', 
'b28f5fce-aceb-46e1-bf11-c28e33bc7c58', 
'excelimporter$referencehandlingid', 
'excelimporter$templateid', 
'idx_excelimporter$referencehandling_template');
CREATE TABLE "excelimporter$referencehandling_mxobjectreference" (
	"excelimporter$referencehandlingid" int8 NOT NULL,
	"mxmodelreflection$mxobjectreferenceid" int8 NOT NULL,
	PRIMARY KEY("excelimporter$referencehandlingid","mxmodelreflection$mxobjectreferenceid"));
CREATE INDEX "idx_excelimporter$referencehandling_mxobjectreference" ON "excelimporter$referencehandling_mxobjectreference"
	("mxmodelreflection$mxobjectreferenceid","excelimporter$referencehandlingid");
INSERT INTO "mendixsystem$association" ("id", 
"association_name", 
"table_name", 
"parent_entity_id", 
"child_entity_id", 
"parent_column_name", 
"child_column_name", 
"index_name")
 VALUES ('49d7b786-c026-4b55-891b-d96cd63a5295', 
'ExcelImporter.ReferenceHandling_MxObjectReference', 
'excelimporter$referencehandling_mxobjectreference', 
'1c340567-0364-4348-916a-d0ab7309e553', 
'7080ebd6-344c-479c-9731-09a3facf9f1a', 
'excelimporter$referencehandlingid', 
'mxmodelreflection$mxobjectreferenceid', 
'idx_excelimporter$referencehandling_mxobjectreference');
CREATE TABLE "mxmodelreflection$mxobjecttype" (
	"id" int8 NOT NULL,
	"changeddate" timestamp NULL,
	"createddate" timestamp NULL,
	"persistencetype" varchar(14) NULL,
	"completename" varchar(200) NULL,
	"module" varchar(200) NULL,
	"name" varchar(200) NULL,
	"readablename" varchar(400) NULL,
	"system$changedby" int8 NULL,
	"system$owner" int8 NULL,
	PRIMARY KEY("id"));
CREATE INDEX "idx_mxmodelreflection$mxobjecttype_system$changedby" ON "mxmodelreflection$mxobjecttype"
	("system$changedby","id");
CREATE INDEX "idx_mxmodelreflection$mxobjecttype_system$owner" ON "mxmodelreflection$mxobjecttype"
	("system$owner","id");
INSERT INTO "mendixsystem$entity" ("id", 
"entity_name", 
"table_name")
 VALUES ('c4616082-6912-4943-9a50-b46af1ebaa6a', 
'MxModelReflection.MxObjectType', 
'mxmodelreflection$mxobjecttype');
INSERT INTO "mendixsystem$attribute" ("id", 
"entity_id", 
"attribute_name", 
"column_name", 
"type", 
"length", 
"default_value", 
"is_auto_number")
 VALUES ('8150a798-7a9f-3ecb-a744-81064e8a8e9c', 
'c4616082-6912-4943-9a50-b46af1ebaa6a', 
'changedDate', 
'changeddate', 
20, 
0, 
'', 
FALSE);
INSERT INTO "mendixsystem$attribute" ("id", 
"entity_id", 
"attribute_name", 
"column_name", 
"type", 
"length", 
"default_value", 
"is_auto_number")
 VALUES ('cbdb05cc-622a-3670-a3e5-dafc1bdca077', 
'c4616082-6912-4943-9a50-b46af1ebaa6a', 
'createdDate', 
'createddate', 
20, 
0, 
'', 
FALSE);
INSERT INTO "mendixsystem$attribute" ("id", 
"entity_id", 
"attribute_name", 
"column_name", 
"type", 
"length", 
"default_value", 
"is_auto_number")
 VALUES ('a6727818-d98d-48dd-99da-53d9f061abab', 
'c4616082-6912-4943-9a50-b46af1ebaa6a', 
'PersistenceType', 
'persistencetype', 
40, 
14, 
'Persistable', 
FALSE);
INSERT INTO "mendixsystem$attribute" ("id", 
"entity_id", 
"attribute_name", 
"column_name", 
"type", 
"length", 
"default_value", 
"is_auto_number")
 VALUES ('d669650b-9b32-456f-a757-dc97fe622fca', 
'c4616082-6912-4943-9a50-b46af1ebaa6a', 
'CompleteName', 
'completename', 
30, 
200, 
'', 
FALSE);
INSERT INTO "mendixsystem$attribute" ("id", 
"entity_id", 
"attribute_name", 
"column_name", 
"type", 
"length", 
"default_value", 
"is_auto_number")
 VALUES ('08bb85d8-1df1-42fd-a293-a1f0beb191f3', 
'c4616082-6912-4943-9a50-b46af1ebaa6a', 
'Module', 
'module', 
30, 
200, 
'', 
FALSE);
INSERT INTO "mendixsystem$attribute" ("id", 
"entity_id", 
"attribute_name", 
"column_name", 
"type", 
"length", 
"default_value", 
"is_auto_number")
 VALUES ('472e7d74-b38d-463c-83f2-8707b5614e97', 
'c4616082-6912-4943-9a50-b46af1ebaa6a', 
'Name', 
'name', 
30, 
200, 
'', 
FALSE);
INSERT INTO "mendixsystem$attribute" ("id", 
"entity_id", 
"attribute_name", 
"column_name", 
"type", 
"length", 
"default_value", 
"is_auto_number")
 VALUES ('40ecc038-ad78-420c-911e-ad08ef3b03f0', 
'c4616082-6912-4943-9a50-b46af1ebaa6a', 
'ReadableName', 
'readablename', 
30, 
400, 
'', 
FALSE);
INSERT INTO "mendixsystem$index" ("id", 
"table_id", 
"index_name")
 VALUES ('df25fd39-b233-38d6-8f9d-fb654a1c51d4', 
'c4616082-6912-4943-9a50-b46af1ebaa6a', 
'idx_mxmodelreflection$mxobjecttype_system$changedby');
INSERT INTO "mendixsystem$index_column" ("index_id", 
"column_id", 
"sort_order", 
"ordinal")
 VALUES ('df25fd39-b233-38d6-8f9d-fb654a1c51d4', 
'2ad6c519-24c9-3b23-ab96-620891dfccd4', 
FALSE, 
0);
INSERT INTO "mendixsystem$index" ("id", 
"table_id", 
"index_name")
 VALUES ('30f2aa4d-b405-3370-aca3-63bbd8d212c7', 
'c4616082-6912-4943-9a50-b46af1ebaa6a', 
'idx_mxmodelreflection$mxobjecttype_system$owner');
INSERT INTO "mendixsystem$index_column" ("index_id", 
"column_id", 
"sort_order", 
"ordinal")
 VALUES ('30f2aa4d-b405-3370-aca3-63bbd8d212c7', 
'e3da5163-731c-3831-9263-30398e024431', 
FALSE, 
0);
INSERT INTO "mendixsystem$association" ("id", 
"association_name", 
"table_name", 
"parent_entity_id", 
"child_entity_id", 
"parent_column_name", 
"child_column_name")
 VALUES ('2ad6c519-24c9-3b23-ab96-620891dfccd4', 
'System.changedBy', 
'system$changedby', 
'c4616082-6912-4943-9a50-b46af1ebaa6a', 
'282e2e60-88a5-469d-84a5-ba8d9151644f', 
'id', 
'system$changedby');
INSERT INTO "mendixsystem$association" ("id", 
"association_name", 
"table_name", 
"parent_entity_id", 
"child_entity_id", 
"parent_column_name", 
"child_column_name")
 VALUES ('e3da5163-731c-3831-9263-30398e024431', 
'System.owner', 
'system$owner', 
'c4616082-6912-4943-9a50-b46af1ebaa6a', 
'282e2e60-88a5-469d-84a5-ba8d9151644f', 
'id', 
'system$owner');
CREATE TABLE "mxmodelreflection$mxobjecttype_module" (
	"mxmodelreflection$mxobjecttypeid" int8 NOT NULL,
	"mxmodelreflection$moduleid" int8 NOT NULL,
	PRIMARY KEY("mxmodelreflection$mxobjecttypeid","mxmodelreflection$moduleid"));
CREATE INDEX "idx_mxmodelreflection$mxobjecttype_module" ON "mxmodelreflection$mxobjecttype_module"
	("mxmodelreflection$moduleid","mxmodelreflection$mxobjecttypeid");
INSERT INTO "mendixsystem$association" ("id", 
"association_name", 
"table_name", 
"parent_entity_id", 
"child_entity_id", 
"parent_column_name", 
"child_column_name", 
"index_name")
 VALUES ('6786470d-769b-491b-baea-23fc0186e081', 
'MxModelReflection.MxObjectType_Module', 
'mxmodelreflection$mxobjecttype_module', 
'c4616082-6912-4943-9a50-b46af1ebaa6a', 
'a0818ee4-e99e-43b8-ab2e-97f21f6a6119', 
'mxmodelreflection$mxobjecttypeid', 
'mxmodelreflection$moduleid', 
'idx_mxmodelreflection$mxobjecttype_module');
CREATE TABLE "mxmodelreflection$mxobjecttype_subclassof_mxobjecttype" (
	"mxmodelreflection$mxobjecttypeid1" int8 NOT NULL,
	"mxmodelreflection$mxobjecttypeid2" int8 NOT NULL,
	PRIMARY KEY("mxmodelreflection$mxobjecttypeid1","mxmodelreflection$mxobjecttypeid2"));
CREATE INDEX "idx_mxmodelreflection$mxobjecttype_subclassof_mxobjecttype" ON "mxmodelreflection$mxobjecttype_subclassof_mxobjecttype"
	("mxmodelreflection$mxobjecttypeid2","mxmodelreflection$mxobjecttypeid1");
INSERT INTO "mendixsystem$association" ("id", 
"association_name", 
"table_name", 
"parent_entity_id", 
"child_entity_id", 
"parent_column_name", 
"child_column_name", 
"index_name")
 VALUES ('0e63fb68-a434-4cdd-b900-3291ceb392fc', 
'MxModelReflection.MxObjectType_SubClassOf_MxObjectType', 
'mxmodelreflection$mxobjecttype_subclassof_mxobjecttype', 
'c4616082-6912-4943-9a50-b46af1ebaa6a', 
'c4616082-6912-4943-9a50-b46af1ebaa6a', 
'mxmodelreflection$mxobjecttypeid1', 
'mxmodelreflection$mxobjecttypeid2', 
'idx_mxmodelreflection$mxobjecttype_subclassof_mxobjecttype');
UPDATE "mendixsystem$version"
 SET "versionnumber" = '4.0.7', 
"lastsyncdate" = '20160829 10:02:00';
